priceChangePercent,priceVolatility,priceTrend,precipitation,rootZoneSoilWetness,temperatureMax,temperatureMin,precipitationDelta,soilWetnessDelta,temperatureMaxDelta,riskLevel
-6.6456,0.0,-6.6456,0.0,0.3657,40.5086,-17.9229,-2.3141,-0.1926,15.3184,MEDIUM_HIGH
-6.6456,0.0,-6.6456,1.1243,0.5379,28.6136,16.4514,-1.1898,-0.0204,3.4234,LOW
-6.6456,0.0,-6.6456,23.6329,0.8029,-8.7971,25.5857,21.3188,0.2446,-33.9873,LOW
-3.5593,1.5432,-5.1025,0.0,0.3657,40.5086,-17.9229,-2.3141,-0.1926,15.3184,MEDIUM_HIGH
-3.5593,1.5432,-5.1025,1.1243,0.5379,28.6136,16.4514,-1.1898,-0.0204,3.4234,LOW
-3.5593,1.5432,-5.1025,23.6329,0.8029,-8.7971,25.5857,21.3188,0.2446,-33.9873,LOW
-6.5026,1.4224,-5.5692,0.0,0.3657,40.5086,-17.9229,-2.3141,-0.1926,15.3184,MEDIUM_HIGH
-6.5026,1.4224,-5.5692,1.1243,0.5379,28.6136,16.4514,-1.1898,-0.0204,3.4234,LOW
-6.5026,1.4224,-5.5692,23.6329,0.8029,-8.7971,25.5857,21.3188,0.2446,-33.9873,LOW
-0.188,2.6357,-4.2239,0.0,0.3657,40.5086,-17.9229,-2.3141,-0.1926,15.3184,MEDIUM_HIGH
-0.188,2.6357,-4.2239,1.1243,0.5379,28.6136,16.4514,-1.1898,-0.0204,3.4234,LOW
-0.188,2.6357,-4.2239,23.6329,0.8029,-8.7971,25.5857,21.3188,0.2446,-33.9873,LOW
2.4482,3.5609,-2.8895,0.0,0.3657,40.5086,-17.9229,-2.3141,-0.1926,15.3184,MEDIUM_HIGH
2.4482,3.5609,-2.8895,1.1243,0.5379,28.6136,16.4514,-1.1898,-0.0204,3.4234,LOW
2.4482,3.5609,-2.8895,23.6329,0.8029,-8.7971,25.5857,21.3188,0.2446,-33.9873,LOW
-5.1471,3.3578,-3.2657,0.0,0.3657,40.5086,-17.9229,-2.3141,-0.1926,15.3184,MEDIUM_HIGH
-5.1471,3.3578,-3.2657,1.1243,0.5379,28.6136,16.4514,-1.1898,-0.0204,3.4234,LOW
-5.1471,3.3578,-3.2657,23.6329,0.8029,-8.7971,25.5857,21.3188,0.2446,-33.9873,LOW
-1.3566,3.1797,-2.993,0.0,0.3657,40.5086,-17.9229,-2.3141,-0.1926,15.3184,MEDIUM_HIGH
-1.3566,3.1797,-2.993,1.1243,0.5379,28.6136,16.4514,-1.1898,-0.0204,3.4234,LOW
-1.3566,3.1797,-2.993,23.6329,0.8029,-8.7971,25.5857,21.3188,0.2446,-33.9873,LOW
-3.3399,2.9765,-3.0364,0.0,0.3657,40.5086,-17.9229,-2.3141,-0.1926,15.3184,MEDIUM_HIGH
-3.3399,2.9765,-3.0364,1.1243,0.5379,28.6136,16.4514,-1.1898,-0.0204,3.4234,LOW
-3.3399,2.9765,-3.0364,23.6329,0.8029,-8.7971,25.5857,21.3188,0.2446,-33.9873,LOW
2.0325,3.0441,-1.9516,0.0,0.3657,40.5086,-17.9229,-2.3141,-0.1926,15.3184,MEDIUM_HIGH
2.0325,3.0441,-1.9516,1.1243,0.5379,28.6136,16.4514,-1.1898,-0.0204,3.4234,LOW
2.0325,3.0441,-1.9516,23.6329,0.8029,-8.7971,25.5857,21.3188,0.2446,-33.9873,LOW
0.996,3.1153,-1.3822,0.0,0.3657,40.5086,-17.9229,-2.3141,-0.1926,15.3184,MEDIUM_HIGH
0.996,3.1153,-1.3822,1.1243,0.5379,28.6136,16.4514,-1.1898,-0.0204,3.4234,LOW
0.996,3.1153,-1.3822,23.6329,0.8029,-8.7971,25.5857,21.3188,0.2446,-33.9873,LOW
-2.1696,2.4924,-0.8406,0.0,0.3657,40.5086,-17.9229,-2.3141,-0.1926,15.3184,MEDIUM_HIGH
-2.1696,2.4924,-0.8406,1.1243,0.5379,28.6136,16.4514,-1.1898,-0.0204,3.4234,LOW
-2.1696,2.4924,-0.8406,23.6329,0.8029,-8.7971,25.5857,21.3188,0.2446,-33.9873,LOW
-3.4274,2.6136,-1.2455,0.0,0.3657,40.5086,-17.9229,-2.3141,-0.1926,15.3184,MEDIUM_HIGH
-3.4274,2.6136,-1.2455,1.1243,0.5379,28.6136,16.4514,-1.1898,-0.0204,3.4234,LOW
-3.4274,2.6136,-1.2455,23.6329,0.8029,-8.7971,25.5857,21.3188,0.2446,-33.9873,LOW
3.7578,2.8685,-1.0818,0.0,0.3657,40.5086,-17.9229,-2.3141,-0.1926,15.3184,MEDIUM_HIGH
3.7578,2.8685,-1.0818,1.1243,0.5379,28.6136,16.4514,-1.1898,-0.0204,3.4234,LOW
3.7578,2.8685,-1.0818,23.6329,0.8029,-8.7971,25.5857,21.3188,0.2446,-33.9873,LOW
2.2133,2.5832,-0.1617,0.0,0.3657,40.5086,-17.9229,-2.3141,-0.1926,15.3184,MEDIUM_HIGH
2.2133,2.5832,-0.1617,1.1243,0.5379,28.6136,16.4514,-1.1898,-0.0204,3.4234,LOW
2.2133,2.5832,-0.1617,23.6329,0.8029,-8.7971,25.5857,21.3188,0.2446,-33.9873,LOW
4.3307,2.9175,0.5492,0.0,0.3657,40.5086,-17.9229,-2.3141,-0.1926,15.3184,MEDIUM_HIGH
4.3307,2.9175,0.5492,1.1243,0.5379,28.6136,16.4514,-1.1898,-0.0204,3.4234,LOW
4.3307,2.9175,0.5492,23.6329,0.8029,-8.7971,25.5857,21.3188,0.2446,-33.9873,LOW
-3.5849,2.9591,0.5186,0.0,0.3657,40.5086,-17.9229,-2.3141,-0.1926,15.3184,MEDIUM_HIGH
-3.5849,2.9591,0.5186,1.1243,0.5379,28.6136,16.4514,-1.1898,-0.0204,3.4234,LOW
-3.5849,2.9591,0.5186,23.6329,0.8029,-8.7971,25.5857,21.3188,0.2446,-33.9873,LOW
1.9569,2.9544,0.5091,0.0,0.3657,40.5086,-17.9229,-2.3141,-0.1926,15.3184,MEDIUM_HIGH
1.9569,2.9544,0.5091,1.1243,0.5379,28.6136,16.4514,-1.1898,-0.0204,3.4234,LOW
1.9569,2.9544,0.5091,23.6329,0.8029,-8.7971,25.5857,21.3188,0.2446,-33.9873,LOW
2.1113,3.0001,0.6485,0.0,0.3657,40.5086,-17.9229,-2.3141,-0.1926,15.3184,MEDIUM_HIGH
2.1113,3.0001,0.6485,1.1243,0.5379,28.6136,16.4514,-1.1898,-0.0204,3.4234,LOW
2.1113,3.0001,0.6485,23.6329,0.8029,-8.7971,25.5857,21.3188,0.2446,-33.9873,LOW
1.1278,2.8047,1.0607,0.0,0.3657,40.5086,-17.9229,-2.3141,-0.1926,15.3184,MEDIUM_HIGH
1.1278,2.8047,1.0607,1.1243,0.5379,28.6136,16.4514,-1.1898,-0.0204,3.4234,LOW
1.1278,2.8047,1.0607,23.6329,0.8029,-8.7971,25.5857,21.3188,0.2446,-33.9873,LOW
-4.461,3.0237,0.9315,0.0,0.3657,40.5086,-17.9229,-2.3141,-0.1926,15.3184,MEDIUM_HIGH
-4.461,3.0237,0.9315,1.1243,0.5379,28.6136,16.4514,-1.1898,-0.0204,3.4234,LOW
-4.461,3.0237,0.9315,23.6329,0.8029,-8.7971,25.5857,21.3188,0.2446,-33.9873,LOW
-0.5837,2.8525,0.3888,0.0,0.3657,40.5086,-17.9229,-2.3141,-0.1926,15.3184,MEDIUM_HIGH
-0.5837,2.8525,0.3888,1.1243,0.5379,28.6136,16.4514,-1.1898,-0.0204,3.4234,LOW
-0.5837,2.8525,0.3888,23.6329,0.8029,-8.7971,25.5857,21.3188,0.2446,-33.9873,LOW
0.0,2.7683,0.1121,0.0,0.3657,40.5086,-17.9229,-2.3141,-0.1926,15.3184,MEDIUM_HIGH
0.0,2.7683,0.1121,1.1243,0.5379,28.6136,16.4514,-1.1898,-0.0204,3.4234,LOW
0.0,2.7683,0.1121,23.6329,0.8029,-8.7971,25.5857,21.3188,0.2446,-33.9873,LOW
0.0,2.2688,-0.4292,0.0,0.3657,40.5086,-17.9229,-2.3141,-0.1926,15.3184,MEDIUM_HIGH
0.0,2.2688,-0.4292,1.1243,0.5379,28.6136,16.4514,-1.1898,-0.0204,3.4234,LOW
0.0,2.2688,-0.4292,23.6329,0.8029,-8.7971,25.5857,21.3188,0.2446,-33.9873,LOW
-5.2838,2.6083,-0.6416,0.0,0.3657,40.5086,-17.9229,-2.3141,-0.1926,15.3184,MEDIUM_HIGH
-5.2838,2.6083,-0.6416,1.1243,0.5379,28.6136,16.4514,-1.1898,-0.0204,3.4234,LOW
-5.2838,2.6083,-0.6416,23.6329,0.8029,-8.7971,25.5857,21.3188,0.2446,-33.9873,LOW
1.8595,2.5963,-0.6537,0.0,0.3657,40.5086,-17.9229,-2.3141,-0.1926,15.3184,MEDIUM_HIGH
1.8595,2.5963,-0.6537,1.1243,0.5379,28.6136,16.4514,-1.1898,-0.0204,3.4234,LOW
1.8595,2.5963,-0.6537,23.6329,0.8029,-8.7971,25.5857,21.3188,0.2446,-33.9873,LOW
-2.8398,2.4494,-1.2726,0.0,0.3657,40.5086,-17.9229,-2.3141,-0.1926,15.3184,MEDIUM_HIGH
-2.8398,2.4494,-1.2726,1.1243,0.5379,28.6136,16.4514,-1.1898,-0.0204,3.4234,LOW
-2.8398,2.4494,-1.2726,23.6329,0.8029,-8.7971,25.5857,21.3188,0.2446,-33.9873,LOW
1.0438,2.4393,-1.2831,0.0,0.3657,40.5086,-17.9229,-2.3141,-0.1926,15.3184,MEDIUM_HIGH
1.0438,2.4393,-1.2831,1.1243,0.5379,28.6136,16.4514,-1.1898,-0.0204,3.4234,LOW
1.0438,2.4393,-1.2831,23.6329,0.8029,-8.7971,25.5857,21.3188,0.2446,-33.9873,LOW
-0.4132,2.1275,-0.7772,0.0,0.3657,40.5086,-17.9229,-2.3141,-0.1926,15.3184,MEDIUM_HIGH
-0.4132,2.1275,-0.7772,1.1243,0.5379,28.6136,16.4514,-1.1898,-0.0204,3.4234,LOW
-0.4132,2.1275,-0.7772,23.6329,0.8029,-8.7971,25.5857,21.3188,0.2446,-33.9873,LOW
-3.3195,2.2831,-1.1191,0.0,0.3657,40.5086,-17.9229,-2.3141,-0.1926,15.3184,MEDIUM_HIGH
-3.3195,2.2831,-1.1191,1.1243,0.5379,28.6136,16.4514,-1.1898,-0.0204,3.4234,LOW
-3.3195,2.2831,-1.1191,23.6329,0.8029,-8.7971,25.5857,21.3188,0.2446,-33.9873,LOW
2.7897,2.6162,-0.7704,0.0,0.3657,40.5086,-17.9229,-2.3141,-0.1926,15.3184,MEDIUM_HIGH
2.7897,2.6162,-0.7704,1.1243,0.5379,28.6136,16.4514,-1.1898,-0.0204,3.4234,LOW
2.7897,2.6162,-0.7704,23.6329,0.8029,-8.7971,25.5857,21.3188,0.2446,-33.9873,LOW
-2.5052,2.6548,-1.0836,0.0,0.3657,40.5086,-17.9229,-2.3141,-0.1926,15.3184,MEDIUM_HIGH
-2.5052,2.6548,-1.0836,1.1243,0.5379,28.6136,16.4514,-1.1898,-0.0204,3.4234,LOW
-2.5052,2.6548,-1.0836,23.6329,0.8029,-8.7971,25.5857,21.3188,0.2446,-33.9873,LOW
0.8565,2.1736,-0.316,0.0,0.3657,40.5086,-17.9229,-2.3141,-0.1926,15.3184,MEDIUM_HIGH
0.8565,2.1736,-0.316,1.1243,0.5379,28.6136,16.4514,-1.1898,-0.0204,3.4234,LOW
0.8565,2.1736,-0.316,23.6329,0.8029,-8.7971,25.5857,21.3188,0.2446,-33.9873,LOW
0.8493,2.0704,-0.4423,0.0,0.3657,40.5086,-17.9229,-2.3141,-0.1926,15.3184,MEDIUM_HIGH
0.8493,2.0704,-0.4423,1.1243,0.5379,28.6136,16.4514,-1.1898,-0.0204,3.4234,LOW
0.8493,2.0704,-0.4423,23.6329,0.8029,-8.7971,25.5857,21.3188,0.2446,-33.9873,LOW
1.8947,1.975,0.1495,0.0,0.3657,40.5086,-17.9229,-2.3141,-0.1926,15.3184,MEDIUM_HIGH
1.8947,1.975,0.1495,1.1243,0.5379,28.6136,16.4514,-1.1898,-0.0204,3.4234,LOW
1.8947,1.975,0.1495,23.6329,0.8029,-8.7971,25.5857,21.3188,0.2446,-33.9873,LOW
2.2727,2.0834,0.3031,0.0,0.3657,40.5086,-17.9229,-2.3141,-0.1926,15.3184,MEDIUM_HIGH
2.2727,2.0834,0.3031,1.1243,0.5379,28.6136,16.4514,-1.1898,-0.0204,3.4234,LOW
2.2727,2.0834,0.3031,23.6329,0.8029,-8.7971,25.5857,21.3188,0.2446,-33.9873,LOW
3.4343,2.2958,0.7841,0.0,0.3657,40.5086,-17.9229,-2.3141,-0.1926,15.3184,MEDIUM_HIGH
3.4343,2.2958,0.7841,1.1243,0.5379,28.6136,16.4514,-1.1898,-0.0204,3.4234,LOW
3.4343,2.2958,0.7841,23.6329,0.8029,-8.7971,25.5857,21.3188,0.2446,-33.9873,LOW
3.5156,1.8353,1.6384,0.0,0.3657,40.5086,-17.9229,-2.3141,-0.1926,15.3184,MEDIUM_HIGH
3.5156,1.8353,1.6384,1.1243,0.5379,28.6136,16.4514,-1.1898,-0.0204,3.4234,LOW
3.5156,1.8353,1.6384,23.6329,0.8029,-8.7971,25.5857,21.3188,0.2446,-33.9873,LOW
-1.3208,2.0083,1.1246,0.0,0.3657,40.5086,-17.9229,-2.3141,-0.1926,15.3184,MEDIUM_HIGH
-1.3208,2.0083,1.1246,1.1243,0.5379,28.6136,16.4514,-1.1898,-0.0204,3.4234,LOW
-1.3208,2.0083,1.1246,23.6329,0.8029,-8.7971,25.5857,21.3188,0.2446,-33.9873,LOW
-7.6482,3.4049,0.4818,0.0,0.3657,40.5086,-17.9229,-2.3141,-0.1926,15.3184,MEDIUM_HIGH
-7.6482,3.4049,0.4818,1.1243,0.5379,28.6136,16.4514,-1.1898,-0.0204,3.4234,LOW
-7.6482,3.4049,0.4818,23.6329,0.8029,-8.7971,25.5857,21.3188,0.2446,-33.9873,LOW
-0.4141,3.4133,0.3229,0.0,0.3657,40.5086,-17.9229,-2.3141,-0.1926,15.3184,MEDIUM_HIGH
-0.4141,3.4133,0.3229,1.1243,0.5379,28.6136,16.4514,-1.1898,-0.0204,3.4234,LOW
-0.4141,3.4133,0.3229,23.6329,0.8029,-8.7971,25.5857,21.3188,0.2446,-33.9873,LOW
1.6632,3.4395,0.4247,0.0,0.3657,40.5086,-17.9229,-2.3141,-0.1926,15.3184,MEDIUM_HIGH
1.6632,3.4395,0.4247,1.1243,0.5379,28.6136,16.4514,-1.1898,-0.0204,3.4234,LOW
1.6632,3.4395,0.4247,23.6329,0.8029,-8.7971,25.5857,21.3188,0.2446,-33.9873,LOW
0.0,3.3951,0.1878,0.0,0.3657,40.5086,-17.9229,-2.3141,-0.1926,15.3184,MEDIUM_HIGH
0.0,3.3951,0.1878,1.1243,0.5379,28.6136,16.4514,-1.1898,-0.0204,3.4234,LOW
0.0,3.3951,0.1878,23.6329,0.8029,-8.7971,25.5857,21.3188,0.2446,-33.9873,LOW
-5.5215,3.7562,-0.7864,0.0,0.3657,40.5086,-17.9229,-2.3141,-0.1926,15.3184,MEDIUM_HIGH
-5.5215,3.7562,-0.7864,1.1243,0.5379,28.6136,16.4514,-1.1898,-0.0204,3.4234,LOW
-5.5215,3.7562,-0.7864,23.6329,0.8029,-8.7971,25.5857,21.3188,0.2446,-33.9873,LOW
0.0,3.4315,-1.2157,0.0,0.3657,40.5086,-17.9229,-2.3141,-0.1926,15.3184,MEDIUM_HIGH
0.0,3.4315,-1.2157,1.1243,0.5379,28.6136,16.4514,-1.1898,-0.0204,3.4234,LOW
0.0,3.4315,-1.2157,23.6329,0.8029,-8.7971,25.5857,21.3188,0.2446,-33.9873,LOW
4.5455,3.6207,-1.087,0.0,0.3657,40.5086,-17.9229,-2.3141,-0.1926,15.3184,MEDIUM_HIGH
4.5455,3.6207,-1.087,1.1243,0.5379,28.6136,16.4514,-1.1898,-0.0204,3.4234,LOW
4.5455,3.6207,-1.087,23.6329,0.8029,-8.7971,25.5857,21.3188,0.2446,-33.9873,LOW
-1.4493,3.6219,-1.1031,0.0,0.3657,40.5086,-17.9229,-2.3141,-0.1926,15.3184,MEDIUM_HIGH
-1.4493,3.6219,-1.1031,1.1243,0.5379,28.6136,16.4514,-1.1898,-0.0204,3.4234,LOW
-1.4493,3.6219,-1.1031,23.6329,0.8029,-8.7971,25.5857,21.3188,0.2446,-33.9873,LOW
-2.521,2.7576,-0.4621,0.0,0.3657,40.5086,-17.9229,-2.3141,-0.1926,15.3184,MEDIUM_HIGH
-2.521,2.7576,-0.4621,1.1243,0.5379,28.6136,16.4514,-1.1898,-0.0204,3.4234,LOW
-2.521,2.7576,-0.4621,23.6329,0.8029,-8.7971,25.5857,21.3188,0.2446,-33.9873,LOW
-0.6466,2.7581,-0.4912,0.0,0.3657,40.5086,-17.9229,-2.3141,-0.1926,15.3184,MEDIUM_HIGH
-0.6466,2.7581,-0.4912,1.1243,0.5379,28.6136,16.4514,-1.1898,-0.0204,3.4234,LOW
-0.6466,2.7581,-0.4912,23.6329,0.8029,-8.7971,25.5857,21.3188,0.2446,-33.9873,LOW
-3.6876,2.803,-1.1601,0.0,0.3657,40.5086,-17.9229,-2.3141,-0.1926,15.3184,MEDIUM_HIGH
-3.6876,2.803,-1.1601,1.1243,0.5379,28.6136,16.4514,-1.1898,-0.0204,3.4234,LOW
-3.6876,2.803,-1.1601,23.6329,0.8029,-8.7971,25.5857,21.3188,0.2446,-33.9873,LOW
0.6757,2.8465,-1.0756,0.0,0.3657,40.5086,-17.9229,-2.3141,-0.1926,15.3184,MEDIUM_HIGH
0.6757,2.8465,-1.0756,1.1243,0.5379,28.6136,16.4514,-1.1898,-0.0204,3.4234,LOW
0.6757,2.8465,-1.0756,23.6329,0.8029,-8.7971,25.5857,21.3188,0.2446,-33.9873,LOW
3.3557,2.6183,0.034,0.0,0.3657,40.5086,-17.9229,-2.3141,-0.1926,15.3184,MEDIUM_HIGH
3.3557,2.6183,0.034,1.1243,0.5379,28.6136,16.4514,-1.1898,-0.0204,3.4234,LOW
3.3557,2.6183,0.034,23.6329,0.8029,-8.7971,25.5857,21.3188,0.2446,-33.9873,LOW
-1.9481,2.6994,-0.2095,0.0,0.3657,40.5086,-17.9229,-2.3141,-0.1926,15.3184,MEDIUM_HIGH
-1.9481,2.6994,-0.2095,1.1243,0.5379,28.6136,16.4514,-1.1898,-0.0204,3.4234,LOW
-1.9481,2.6994,-0.2095,23.6329,0.8029,-8.7971,25.5857,21.3188,0.2446,-33.9873,LOW
3.3113,2.4467,-0.3637,0.0,0.3657,40.5086,-17.9229,-2.3141,-0.1926,15.3184,MEDIUM_HIGH
3.3113,2.4467,-0.3637,1.1243,0.5379,28.6136,16.4514,-1.1898,-0.0204,3.4234,LOW
3.3113,2.4467,-0.3637,23.6329,0.8029,-8.7971,25.5857,21.3188,0.2446,-33.9873,LOW
-1.2821,2.438,-0.3428,0.0,0.3657,40.5086,-17.9229,-2.3141,-0.1926,15.3184,MEDIUM_HIGH
-1.2821,2.438,-0.3428,1.1243,0.5379,28.6136,16.4514,-1.1898,-0.0204,3.4234,LOW
-1.2821,2.438,-0.3428,23.6329,0.8029,-8.7971,25.5857,21.3188,0.2446,-33.9873,LOW
3.8961,2.637,0.4593,0.0,0.3657,40.5086,-17.9229,-2.3141,-0.1926,15.3184,MEDIUM_HIGH
3.8961,2.637,0.4593,1.1243,0.5379,28.6136,16.4514,-1.1898,-0.0204,3.4234,LOW
3.8961,2.637,0.4593,23.6329,0.8029,-8.7971,25.5857,21.3188,0.2446,-33.9873,LOW
-6.6667,3.5471,-0.2932,0.0,0.3657,40.5086,-17.9229,-2.3141,-0.1926,15.3184,MEDIUM_HIGH
-6.6667,3.5471,-0.2932,1.1243,0.5379,28.6136,16.4514,-1.1898,-0.0204,3.4234,LOW
-6.6667,3.5471,-0.2932,23.6329,0.8029,-8.7971,25.5857,21.3188,0.2446,-33.9873,LOW
3.3482,3.4678,0.5863,0.0,0.3657,40.5086,-17.9229,-2.3141,-0.1926,15.3184,MEDIUM_HIGH
3.3482,3.4678,0.5863,1.1243,0.5379,28.6136,16.4514,-1.1898,-0.0204,3.4234,LOW
3.3482,3.4678,0.5863,23.6329,0.8029,-8.7971,25.5857,21.3188,0.2446,-33.9873,LOW
-2.8078,3.6435,0.1508,0.0,0.3657,40.5086,-17.9229,-2.3141,-0.1926,15.3184,MEDIUM_HIGH
-2.8078,3.6435,0.1508,1.1243,0.5379,28.6136,16.4514,-1.1898,-0.0204,3.4234,LOW
-2.8078,3.6435,0.1508,23.6329,0.8029,-8.7971,25.5857,21.3188,0.2446,-33.9873,LOW
0.4444,3.4452,-0.2131,0.0,0.3657,40.5086,-17.9229,-2.3141,-0.1926,15.3184,MEDIUM_HIGH
0.4444,3.4452,-0.2131,1.1243,0.5379,28.6136,16.4514,-1.1898,-0.0204,3.4234,LOW
0.4444,3.4452,-0.2131,23.6329,0.8029,-8.7971,25.5857,21.3188,0.2446,-33.9873,LOW
-1.3274,3.4121,-0.1355,0.0,0.3657,40.5086,-17.9229,-2.3141,-0.1926,15.3184,MEDIUM_HIGH
-1.3274,3.4121,-0.1355,1.1243,0.5379,28.6136,16.4514,-1.1898,-0.0204,3.4234,LOW
-1.3274,3.4121,-0.1355,23.6329,0.8029,-8.7971,25.5857,21.3188,0.2446,-33.9873,LOW
-3.5874,3.302,-0.9978,0.0,0.3657,40.5086,-17.9229,-2.3141,-0.1926,15.3184,MEDIUM_HIGH
-3.5874,3.302,-0.9978,1.1243,0.5379,28.6136,16.4514,-1.1898,-0.0204,3.4234,LOW
-3.5874,3.302,-0.9978,23.6329,0.8029,-8.7971,25.5857,21.3188,0.2446,-33.9873,LOW
0.0,3.3154,-0.8376,0.0,0.3657,40.5086,-17.9229,-2.3141,-0.1926,15.3184,MEDIUM_HIGH
0.0,3.3154,-0.8376,1.1243,0.5379,28.6136,16.4514,-1.1898,-0.0204,3.4234,LOW
0.0,3.3154,-0.8376,23.6329,0.8029,-8.7971,25.5857,21.3188,0.2446,-33.9873,LOW
-1.8605,2.7936,-1.5572,0.0,0.3657,40.5086,-17.9229,-2.3141,-0.1926,15.3184,MEDIUM_HIGH
-1.8605,2.7936,-1.5572,1.1243,0.5379,28.6136,16.4514,-1.1898,-0.0204,3.4234,LOW
-1.8605,2.7936,-1.5572,23.6329,0.8029,-8.7971,25.5857,21.3188,0.2446,-33.9873,LOW
0.0,2.037,-0.7238,0.0,0.3657,40.5086,-17.9229,-2.3141,-0.1926,15.3184,MEDIUM_HIGH
0.0,2.037,-0.7238,1.1243,0.5379,28.6136,16.4514,-1.1898,-0.0204,3.4234,LOW
0.0,2.037,-0.7238,23.6329,0.8029,-8.7971,25.5857,21.3188,0.2446,-33.9873,LOW
1.4218,1.6106,-0.9646,0.0,0.3657,40.5086,-17.9229,-2.3141,-0.1926,15.3184,MEDIUM_HIGH
1.4218,1.6106,-0.9646,1.1243,0.5379,28.6136,16.4514,-1.1898,-0.0204,3.4234,LOW
1.4218,1.6106,-0.9646,23.6329,0.8029,-8.7971,25.5857,21.3188,0.2446,-33.9873,LOW
-2.5701,1.5782,-0.9349,0.0,0.3657,40.5086,-17.9229,-2.3141,-0.1926,15.3184,MEDIUM_HIGH
-2.5701,1.5782,-0.9349,1.1243,0.5379,28.6136,16.4514,-1.1898,-0.0204,3.4234,LOW
-2.5701,1.5782,-0.9349,23.6329,0.8029,-8.7971,25.5857,21.3188,0.2446,-33.9873,LOW
0.7194,1.6105,-0.9005,0.0,0.3657,40.5086,-17.9229,-2.3141,-0.1926,15.3184,MEDIUM_HIGH
0.7194,1.6105,-0.9005,1.1243,0.5379,28.6136,16.4514,-1.1898,-0.0204,3.4234,LOW
0.7194,1.6105,-0.9005,23.6329,0.8029,-8.7971,25.5857,21.3188,0.2446,-33.9873,LOW
0.2381,1.6416,-0.7048,0.0,0.3657,40.5086,-17.9229,-2.3141,-0.1926,15.3184,MEDIUM_HIGH
0.2381,1.6416,-0.7048,1.1243,0.5379,28.6136,16.4514,-1.1898,-0.0204,3.4234,LOW
0.2381,1.6416,-0.7048,23.6329,0.8029,-8.7971,25.5857,21.3188,0.2446,-33.9873,LOW
-0.4751,1.2294,-0.3158,0.0,0.3657,40.5086,-17.9229,-2.3141,-0.1926,15.3184,MEDIUM_HIGH
-0.4751,1.2294,-0.3158,1.1243,0.5379,28.6136,16.4514,-1.1898,-0.0204,3.4234,LOW
-0.4751,1.2294,-0.3158,23.6329,0.8029,-8.7971,25.5857,21.3188,0.2446,-33.9873,LOW
-0.9547,1.2392,-0.4351,0.0,0.3657,40.5086,-17.9229,-2.3141,-0.1926,15.3184,MEDIUM_HIGH
-0.9547,1.2392,-0.4351,1.1243,0.5379,28.6136,16.4514,-1.1898,-0.0204,3.4234,LOW
-0.9547,1.2392,-0.4351,23.6329,0.8029,-8.7971,25.5857,21.3188,0.2446,-33.9873,LOW
-2.6506,1.3731,-0.5339,0.0,0.3657,40.5086,-17.9229,-2.3141,-0.1926,15.3184,MEDIUM_HIGH
-2.6506,1.3731,-0.5339,1.1243,0.5379,28.6136,16.4514,-1.1898,-0.0204,3.4234,LOW
-2.6506,1.3731,-0.5339,23.6329,0.8029,-8.7971,25.5857,21.3188,0.2446,-33.9873,LOW
0.2475,1.3875,-0.503,0.0,0.3657,40.5086,-17.9229,-2.3141,-0.1926,15.3184,MEDIUM_HIGH
0.2475,1.3875,-0.503,1.1243,0.5379,28.6136,16.4514,-1.1898,-0.0204,3.4234,LOW
0.2475,1.3875,-0.503,23.6329,0.8029,-8.7971,25.5857,21.3188,0.2446,-33.9873,LOW
1.4815,1.398,-0.4955,0.0,0.3657,40.5086,-17.9229,-2.3141,-0.1926,15.3184,MEDIUM_HIGH
1.4815,1.398,-0.4955,1.1243,0.5379,28.6136,16.4514,-1.1898,-0.0204,3.4234,LOW
1.4815,1.398,-0.4955,23.6329,0.8029,-8.7971,25.5857,21.3188,0.2446,-33.9873,LOW
3.163,1.6049,0.2211,0.0,0.3657,40.5086,-17.9229,-2.3141,-0.1926,15.3184,MEDIUM_HIGH
3.163,1.6049,0.2211,1.1243,0.5379,28.6136,16.4514,-1.1898,-0.0204,3.4234,LOW
3.163,1.6049,0.2211,23.6329,0.8029,-8.7971,25.5857,21.3188,0.2446,-33.9873,LOW
-1.1792,1.6534,-0.0162,0.0,0.3657,40.5086,-17.9229,-2.3141,-0.1926,15.3184,MEDIUM_HIGH
-1.1792,1.6534,-0.0162,1.1243,0.5379,28.6136,16.4514,-1.1898,-0.0204,3.4234,LOW
-1.1792,1.6534,-0.0162,23.6329,0.8029,-8.7971,25.5857,21.3188,0.2446,-33.9873,LOW
0.4773,1.6598,0.0137,0.0,0.3657,40.5086,-17.9229,-2.3141,-0.1926,15.3184,MEDIUM_HIGH
0.4773,1.6598,0.0137,1.1243,0.5379,28.6136,16.4514,-1.1898,-0.0204,3.4234,LOW
0.4773,1.6598,0.0137,23.6329,0.8029,-8.7971,25.5857,21.3188,0.2446,-33.9873,LOW
-0.4751,1.6598,0.0137,0.0,0.3657,40.5086,-17.9229,-2.3141,-0.1926,15.3184,MEDIUM_HIGH
-0.4751,1.6598,0.0137,1.1243,0.5379,28.6136,16.4514,-1.1898,-0.0204,3.4234,LOW
-0.4751,1.6598,0.0137,23.6329,0.8029,-8.7971,25.5857,21.3188,0.2446,-33.9873,LOW
397.3747,131.379,49.8049,0.0,0.3657,40.5086,-17.9229,-2.3141,-0.1926,15.3184,HIGH
397.3747,131.379,49.8049,1.1243,0.5379,28.6136,16.4514,-1.1898,-0.0204,3.4234,MEDIUM
397.3747,131.379,49.8049,23.6329,0.8029,-8.7971,25.5857,21.3188,0.2446,-33.9873,MEDIUM
-0.6718,131.2819,50.0522,0.0,0.3657,40.5086,-17.9229,-2.3141,-0.1926,15.3184,HIGH
-0.6718,131.2819,50.0522,1.1243,0.5379,28.6136,16.4514,-1.1898,-0.0204,3.4234,LOW_MEDIUM
-0.6718,131.2819,50.0522,23.6329,0.8029,-8.7971,25.5857,21.3188,0.2446,-33.9873,LOW_MEDIUM
-0.8213,131.333,49.9186,0.0,0.3657,40.5086,-17.9229,-2.3141,-0.1926,15.3184,HIGH
-0.8213,131.333,49.9186,1.1243,0.5379,28.6136,16.4514,-1.1898,-0.0204,3.4234,LOW_MEDIUM
-0.8213,131.333,49.9186,23.6329,0.8029,-8.7971,25.5857,21.3188,0.2446,-33.9873,LOW_MEDIUM
-2.679,131.5319,49.3986,0.0,0.3657,40.5086,-17.9229,-2.3141,-0.1926,15.3184,HIGH
-2.679,131.5319,49.3986,1.1243,0.5379,28.6136,16.4514,-1.1898,-0.0204,3.4234,LOW_MEDIUM
-2.679,131.5319,49.3986,23.6329,0.8029,-8.7971,25.5857,21.3188,0.2446,-33.9873,LOW_MEDIUM
2.3023,131.57,49.291,0.0,0.3657,40.5086,-17.9229,-2.3141,-0.1926,15.3184,HIGH
2.3023,131.57,49.291,1.1243,0.5379,28.6136,16.4514,-1.1898,-0.0204,3.4234,LOW_MEDIUM
2.3023,131.57,49.291,23.6329,0.8029,-8.7971,25.5857,21.3188,0.2446,-33.9873,LOW_MEDIUM
-2.1526,131.617,49.1693,0.0,0.3657,40.5086,-17.9229,-2.3141,-0.1926,15.3184,HIGH
-2.1526,131.617,49.1693,1.1243,0.5379,28.6136,16.4514,-1.1898,-0.0204,3.4234,LOW_MEDIUM
-2.1526,131.617,49.1693,23.6329,0.8029,-8.7971,25.5857,21.3188,0.2446,-33.9873,LOW_MEDIUM
1.7,131.5611,49.3222,0.0,0.3657,40.5086,-17.9229,-2.3141,-0.1926,15.3184,HIGH
1.7,131.5611,49.3222,1.1243,0.5379,28.6136,16.4514,-1.1898,-0.0204,3.4234,LOW_MEDIUM
1.7,131.5611,49.3222,23.6329,0.8029,-8.7971,25.5857,21.3188,0.2446,-33.9873,LOW_MEDIUM
0.0983,131.5341,49.3938,0.0,0.3657,40.5086,-17.9229,-2.3141,-0.1926,15.3184,HIGH
0.0983,131.5341,49.3938,1.1243,0.5379,28.6136,16.4514,-1.1898,-0.0204,3.4234,LOW_MEDIUM
0.0983,131.5341,49.3938,23.6329,0.8029,-8.7971,25.5857,21.3188,0.2446,-33.9873,LOW_MEDIUM
1.9155,1.7605,-0.0386,0.0,0.3657,40.5086,-17.9229,-2.3141,-0.1926,15.3184,MEDIUM_HIGH
1.9155,1.7605,-0.0386,1.1243,0.5379,28.6136,16.4514,-1.1898,-0.0204,3.4234,LOW
1.9155,1.7605,-0.0386,23.6329,0.8029,-8.7971,25.5857,21.3188,0.2446,-33.9873,LOW
1.0602,1.7757,0.1779,0.0,0.3657,40.5086,-17.9229,-2.3141,-0.1926,15.3184,MEDIUM_HIGH
1.0602,1.7757,0.1779,1.1243,0.5379,28.6136,16.4514,-1.1898,-0.0204,3.4234,LOW
1.0602,1.7757,0.1779,23.6329,0.8029,-8.7971,25.5857,21.3188,0.2446,-33.9873,LOW
-1.2876,1.8148,0.1196,0.0,0.3657,40.5086,-17.9229,-2.3141,-0.1926,15.3184,MEDIUM_HIGH
-1.2876,1.8148,0.1196,1.1243,0.5379,28.6136,16.4514,-1.1898,-0.0204,3.4234,LOW
-1.2876,1.8148,0.1196,23.6329,0.8029,-8.7971,25.5857,21.3188,0.2446,-33.9873,LOW
1.3527,1.5002,0.6236,0.0,0.3657,40.5086,-17.9229,-2.3141,-0.1926,15.3184,MEDIUM_HIGH
1.3527,1.5002,0.6236,1.1243,0.5379,28.6136,16.4514,-1.1898,-0.0204,3.4234,LOW
1.3527,1.5002,0.6236,23.6329,0.8029,-8.7971,25.5857,21.3188,0.2446,-33.9873,LOW
5.6721,2.2151,1.0448,0.0,0.3657,40.5086,-17.9229,-2.3141,-0.1926,15.3184,HIGH
5.6721,2.2151,1.0448,1.1243,0.5379,28.6136,16.4514,-1.1898,-0.0204,3.4234,LOW_MEDIUM
5.6721,2.2151,1.0448,23.6329,0.8029,-8.7971,25.5857,21.3188,0.2446,-33.9873,LOW_MEDIUM
1.8042,1.8591,1.5394,0.0,0.3657,40.5086,-17.9229,-2.3141,-0.1926,15.3184,MEDIUM_HIGH
1.8042,1.8591,1.5394,1.1243,0.5379,28.6136,16.4514,-1.1898,-0.0204,3.4234,LOW
1.8042,1.8591,1.5394,23.6329,0.8029,-8.7971,25.5857,21.3188,0.2446,-33.9873,LOW
4.6079,2.1208,1.9029,0.0,0.3657,40.5086,-17.9229,-2.3141,-0.1926,15.3184,MEDIUM_HIGH
4.6079,2.1208,1.9029,1.1243,0.5379,28.6136,16.4514,-1.1898,-0.0204,3.4234,LOW
4.6079,2.1208,1.9029,23.6329,0.8029,-8.7971,25.5857,21.3188,0.2446,-33.9873,LOW
-0.7624,2.2287,1.7953,0.0,0.3657,40.5086,-17.9229,-2.3141,-0.1926,15.3184,MEDIUM_HIGH
-0.7624,2.2287,1.7953,1.1243,0.5379,28.6136,16.4514,-1.1898,-0.0204,3.4234,LOW
-0.7624,2.2287,1.7953,23.6329,0.8029,-8.7971,25.5857,21.3188,0.2446,-33.9873,LOW
-2.4755,2.6352,1.2465,0.0,0.3657,40.5086,-17.9229,-2.3141,-0.1926,15.3184,MEDIUM_HIGH
-2.4755,2.6352,1.2465,1.1243,0.5379,28.6136,16.4514,-1.1898,-0.0204,3.4234,LOW
-2.4755,2.6352,1.2465,23.6329,0.8029,-8.7971,25.5857,21.3188,0.2446,-33.9873,LOW
1.4004,2.6346,1.289,0.0,0.3657,40.5086,-17.9229,-2.3141,-0.1926,15.3184,MEDIUM_HIGH
1.4004,2.6346,1.289,1.1243,0.5379,28.6136,16.4514,-1.1898,-0.0204,3.4234,LOW
1.4004,2.6346,1.289,23.6329,0.8029,-8.7971,25.5857,21.3188,0.2446,-33.9873,LOW
-1.2948,2.6354,1.2881,0.0,0.3657,40.5086,-17.9229,-2.3141,-0.1926,15.3184,MEDIUM_HIGH
-1.2948,2.6354,1.2881,1.1243,0.5379,28.6136,16.4514,-1.1898,-0.0204,3.4234,LOW
-1.2948,2.6354,1.2881,23.6329,0.8029,-8.7971,25.5857,21.3188,0.2446,-33.9873,LOW
-4.7223,3.2991,0.5287,0.0,0.3657,40.5086,-17.9229,-2.3141,-0.1926,15.3184,MEDIUM_HIGH
-4.7223,3.2991,0.5287,1.1243,0.5379,28.6136,16.4514,-1.1898,-0.0204,3.4234,LOW
-4.7223,3.2991,0.5287,23.6329,0.8029,-8.7971,25.5857,21.3188,0.2446,-33.9873,LOW
3.1207,2.8836,0.2098,0.0,0.3657,40.5086,-17.9229,-2.3141,-0.1926,15.3184,MEDIUM_HIGH
3.1207,2.8836,0.2098,1.1243,0.5379,28.6136,16.4514,-1.1898,-0.0204,3.4234,LOW
3.1207,2.8836,0.2098,23.6329,0.8029,-8.7971,25.5857,21.3188,0.2446,-33.9873,LOW
3.2043,3.0146,0.3848,0.0,0.3657,40.5086,-17.9229,-2.3141,-0.1926,15.3184,MEDIUM_HIGH
3.2043,3.0146,0.3848,1.1243,0.5379,28.6136,16.4514,-1.1898,-0.0204,3.4234,LOW
3.2043,3.0146,0.3848,23.6329,0.8029,-8.7971,25.5857,21.3188,0.2446,-33.9873,LOW
3.536,2.8428,0.2508,0.0,0.3657,40.5086,-17.9229,-2.3141,-0.1926,15.3184,MEDIUM_HIGH
3.536,2.8428,0.2508,1.1243,0.5379,28.6136,16.4514,-1.1898,-0.0204,3.4234,LOW
3.536,2.8428,0.2508,23.6329,0.8029,-8.7971,25.5857,21.3188,0.2446,-33.9873,LOW
-2.499,2.9751,0.0337,0.0,0.3657,40.5086,-17.9229,-2.3141,-0.1926,15.3184,MEDIUM_HIGH
-2.499,2.9751,0.0337,1.1243,0.5379,28.6136,16.4514,-1.1898,-0.0204,3.4234,LOW
-2.499,2.9751,0.0337,23.6329,0.8029,-8.7971,25.5857,21.3188,0.2446,-33.9873,LOW
2.9902,2.9479,0.7169,0.0,0.3657,40.5086,-17.9229,-2.3141,-0.1926,15.3184,MEDIUM_HIGH
2.9902,2.9479,0.7169,1.1243,0.5379,28.6136,16.4514,-1.1898,-0.0204,3.4234,LOW
2.9902,2.9479,0.7169,23.6329,0.8029,-8.7971,25.5857,21.3188,0.2446,-33.9873,LOW
3.6914,3.1074,1.0033,0.0,0.3657,40.5086,-17.9229,-2.3141,-0.1926,15.3184,MEDIUM_HIGH
3.6914,3.1074,1.0033,1.1243,0.5379,28.6136,16.4514,-1.1898,-0.0204,3.4234,LOW
3.6914,3.1074,1.0033,23.6329,0.8029,-8.7971,25.5857,21.3188,0.2446,-33.9873,LOW
0.201,0.0,0.201,0.0,0.3657,40.5086,-17.9229,-2.3141,-0.1926,15.3184,MEDIUM_HIGH
0.201,0.0,0.201,1.1243,0.5379,28.6136,16.4514,-1.1898,-0.0204,3.4234,LOW
0.201,0.0,0.201,23.6329,0.8029,-8.7971,25.5857,21.3188,0.2446,-33.9873,LOW
0.0,0.1005,0.1005,0.0,0.3657,40.5086,-17.9229,-2.3141,-0.1926,15.3184,MEDIUM_HIGH
0.0,0.1005,0.1005,1.1243,0.5379,28.6136,16.4514,-1.1898,-0.0204,3.4234,LOW
0.0,0.1005,0.1005,23.6329,0.8029,-8.7971,25.5857,21.3188,0.2446,-33.9873,LOW
-3.009,1.4681,-0.936,0.0,0.3657,40.5086,-17.9229,-2.3141,-0.1926,15.3184,MEDIUM_HIGH
-3.009,1.4681,-0.936,1.1243,0.5379,28.6136,16.4514,-1.1898,-0.0204,3.4234,LOW
-3.009,1.4681,-0.936,23.6329,0.8029,-8.7971,25.5857,21.3188,0.2446,-33.9873,LOW
-5.3257,2.2868,-2.0334,0.0,0.3657,40.5086,-17.9229,-2.3141,-0.1926,15.3184,MEDIUM_HIGH
-5.3257,2.2868,-2.0334,1.1243,0.5379,28.6136,16.4514,-1.1898,-0.0204,3.4234,LOW
-5.3257,2.2868,-2.0334,23.6329,0.8029,-8.7971,25.5857,21.3188,0.2446,-33.9873,LOW
0.6554,2.3109,-1.4957,0.0,0.3657,40.5086,-17.9229,-2.3141,-0.1926,15.3184,MEDIUM_HIGH
0.6554,2.3109,-1.4957,1.1243,0.5379,28.6136,16.4514,-1.1898,-0.0204,3.4234,LOW
0.6554,2.3109,-1.4957,23.6329,0.8029,-8.7971,25.5857,21.3188,0.2446,-33.9873,LOW
-1.3022,2.1108,-1.4634,0.0,0.3657,40.5086,-17.9229,-2.3141,-0.1926,15.3184,MEDIUM_HIGH
-1.3022,2.1108,-1.4634,1.1243,0.5379,28.6136,16.4514,-1.1898,-0.0204,3.4234,LOW
-1.3022,2.1108,-1.4634,23.6329,0.8029,-8.7971,25.5857,21.3188,0.2446,-33.9873,LOW
-1.9241,1.9609,-1.5292,0.0,0.3657,40.5086,-17.9229,-2.3141,-0.1926,15.3184,MEDIUM_HIGH
-1.9241,1.9609,-1.5292,1.1243,0.5379,28.6136,16.4514,-1.1898,-0.0204,3.4234,LOW
-1.9241,1.9609,-1.5292,23.6329,0.8029,-8.7971,25.5857,21.3188,0.2446,-33.9873,LOW
1.009,2.0172,-1.2119,0.0,0.3657,40.5086,-17.9229,-2.3141,-0.1926,15.3184,MEDIUM_HIGH
1.009,2.0172,-1.2119,1.1243,0.5379,28.6136,16.4514,-1.1898,-0.0204,3.4234,LOW
1.009,2.0172,-1.2119,23.6329,0.8029,-8.7971,25.5857,21.3188,0.2446,-33.9873,LOW
-0.9989,1.95,-1.3619,0.0,0.3657,40.5086,-17.9229,-2.3141,-0.1926,15.3184,MEDIUM_HIGH
-0.9989,1.95,-1.3619,1.1243,0.5379,28.6136,16.4514,-1.1898,-0.0204,3.4234,LOW
-0.9989,1.95,-1.3619,23.6329,0.8029,-8.7971,25.5857,21.3188,0.2446,-33.9873,LOW
-1.9058,1.8844,-1.6002,0.0,0.3657,40.5086,-17.9229,-2.3141,-0.1926,15.3184,MEDIUM_HIGH
-1.9058,1.8844,-1.6002,1.1243,0.5379,28.6136,16.4514,-1.1898,-0.0204,3.4234,LOW
-1.9058,1.8844,-1.6002,23.6329,0.8029,-8.7971,25.5857,21.3188,0.2446,-33.9873,LOW
-0.9143,1.8147,-1.3383,0.0,0.3657,40.5086,-17.9229,-2.3141,-0.1926,15.3184,MEDIUM_HIGH
-0.9143,1.8147,-1.3383,1.1243,0.5379,28.6136,16.4514,-1.1898,-0.0204,3.4234,LOW
-0.9143,1.8147,-1.3383,23.6329,0.8029,-8.7971,25.5857,21.3188,0.2446,-33.9873,LOW
-0.1153,1.0337,-0.687,0.0,0.3657,40.5086,-17.9229,-2.3141,-0.1926,15.3184,MEDIUM_HIGH
-0.1153,1.0337,-0.687,1.1243,0.5379,28.6136,16.4514,-1.1898,-0.0204,3.4234,LOW
-0.1153,1.0337,-0.687,23.6329,0.8029,-8.7971,25.5857,21.3188,0.2446,-33.9873,LOW
2.194,1.3579,-0.4947,0.0,0.3657,40.5086,-17.9229,-2.3141,-0.1926,15.3184,MEDIUM_HIGH
2.194,1.3579,-0.4947,1.1243,0.5379,28.6136,16.4514,-1.1898,-0.0204,3.4234,LOW
2.194,1.3579,-0.4947,23.6329,0.8029,-8.7971,25.5857,21.3188,0.2446,-33.9873,LOW
1.0734,1.4077,-0.1977,0.0,0.3657,40.5086,-17.9229,-2.3141,-0.1926,15.3184,MEDIUM_HIGH
1.0734,1.4077,-0.1977,1.1243,0.5379,28.6136,16.4514,-1.1898,-0.0204,3.4234,LOW
1.0734,1.4077,-0.1977,23.6329,0.8029,-8.7971,25.5857,21.3188,0.2446,-33.9873,LOW
1.5092,1.3375,0.2314,0.0,0.3657,40.5086,-17.9229,-2.3141,-0.1926,15.3184,MEDIUM_HIGH
1.5092,1.3375,0.2314,1.1243,0.5379,28.6136,16.4514,-1.1898,-0.0204,3.4234,LOW
1.5092,1.3375,0.2314,23.6329,0.8029,-8.7971,25.5857,21.3188,0.2446,-33.9873,LOW
-2.3403,1.5378,-0.1873,0.0,0.3657,40.5086,-17.9229,-2.3141,-0.1926,15.3184,MEDIUM_HIGH
-2.3403,1.5378,-0.1873,1.1243,0.5379,28.6136,16.4514,-1.1898,-0.0204,3.4234,LOW
-2.3403,1.5378,-0.1873,23.6329,0.8029,-8.7971,25.5857,21.3188,0.2446,-33.9873,LOW
3.0166,1.8204,0.3147,0.0,0.3657,40.5086,-17.9229,-2.3141,-0.1926,15.3184,MEDIUM_HIGH
3.0166,1.8204,0.3147,1.1243,0.5379,28.6136,16.4514,-1.1898,-0.0204,3.4234,LOW
3.0166,1.8204,0.3147,23.6329,0.8029,-8.7971,25.5857,21.3188,0.2446,-33.9873,LOW
1.0947,1.6226,0.6897,0.0,0.3657,40.5086,-17.9229,-2.3141,-0.1926,15.3184,MEDIUM_HIGH
1.0947,1.6226,0.6897,1.1243,0.5379,28.6136,16.4514,-1.1898,-0.0204,3.4234,LOW
1.0947,1.6226,0.6897,23.6329,0.8029,-8.7971,25.5857,21.3188,0.2446,-33.9873,LOW
-1.3124,1.6762,0.64,0.0,0.3657,40.5086,-17.9229,-2.3141,-0.1926,15.3184,MEDIUM_HIGH
-1.3124,1.6762,0.64,1.1243,0.5379,28.6136,16.4514,-1.1898,-0.0204,3.4234,LOW
-1.3124,1.6762,0.64,23.6329,0.8029,-8.7971,25.5857,21.3188,0.2446,-33.9873,LOW
-3.5743,2.1844,0.2076,0.0,0.3657,40.5086,-17.9229,-2.3141,-0.1926,15.3184,MEDIUM_HIGH
-3.5743,2.1844,0.2076,1.1243,0.5379,28.6136,16.4514,-1.1898,-0.0204,3.4234,LOW
-3.5743,2.1844,0.2076,23.6329,0.8029,-8.7971,25.5857,21.3188,0.2446,-33.9873,LOW
2.1842,2.1833,0.2064,0.0,0.3657,40.5086,-17.9229,-2.3141,-0.1926,15.3184,MEDIUM_HIGH
2.1842,2.1833,0.2064,1.1243,0.5379,28.6136,16.4514,-1.1898,-0.0204,3.4234,LOW
2.1842,2.1833,0.2064,23.6329,0.8029,-8.7971,25.5857,21.3188,0.2446,-33.9873,LOW
-0.0557,2.159,0.0652,0.0,0.3657,40.5086,-17.9229,-2.3141,-0.1926,15.3184,MEDIUM_HIGH
-0.0557,2.159,0.0652,1.1243,0.5379,28.6136,16.4514,-1.1898,-0.0204,3.4234,LOW
-0.0557,2.159,0.0652,23.6329,0.8029,-8.7971,25.5857,21.3188,0.2446,-33.9873,LOW
2.9526,2.326,0.2457,0.0,0.3657,40.5086,-17.9229,-2.3141,-0.1926,15.3184,MEDIUM_HIGH
2.9526,2.326,0.2457,1.1243,0.5379,28.6136,16.4514,-1.1898,-0.0204,3.4234,LOW
2.9526,2.326,0.2457,23.6329,0.8029,-8.7971,25.5857,21.3188,0.2446,-33.9873,LOW
-2.2186,2.3094,0.2609,0.0,0.3657,40.5086,-17.9229,-2.3141,-0.1926,15.3184,MEDIUM_HIGH
-2.2186,2.3094,0.2609,1.1243,0.5379,28.6136,16.4514,-1.1898,-0.0204,3.4234,LOW
-2.2186,2.3094,0.2609,23.6329,0.8029,-8.7971,25.5857,21.3188,0.2446,-33.9873,LOW
0.0,2.0616,-0.1162,0.0,0.3657,40.5086,-17.9229,-2.3141,-0.1926,15.3184,MEDIUM_HIGH
0.0,2.0616,-0.1162,1.1243,0.5379,28.6136,16.4514,-1.1898,-0.0204,3.4234,LOW
0.0,2.0616,-0.1162,23.6329,0.8029,-8.7971,25.5857,21.3188,0.2446,-33.9873,LOW
-1.1068,2.0283,-0.3914,0.0,0.3657,40.5086,-17.9229,-2.3141,-0.1926,15.3184,MEDIUM_HIGH
-1.1068,2.0283,-0.3914,1.1243,0.5379,28.6136,16.4514,-1.1898,-0.0204,3.4234,LOW
-1.1068,2.0283,-0.3914,23.6329,0.8029,-8.7971,25.5857,21.3188,0.2446,-33.9873,LOW
1.7348,2.1043,-0.0105,0.0,0.3657,40.5086,-17.9229,-2.3141,-0.1926,15.3184,MEDIUM_HIGH
1.7348,2.1043,-0.0105,1.1243,0.5379,28.6136,16.4514,-1.1898,-0.0204,3.4234,LOW
1.7348,2.1043,-0.0105,23.6329,0.8029,-8.7971,25.5857,21.3188,0.2446,-33.9873,LOW
0.44,1.6167,0.4913,0.0,0.3657,40.5086,-17.9229,-2.3141,-0.1926,15.3184,MEDIUM_HIGH
0.44,1.6167,0.4913,1.1243,0.5379,28.6136,16.4514,-1.1898,-0.0204,3.4234,LOW
0.44,1.6167,0.4913,23.6329,0.8029,-8.7971,25.5857,21.3188,0.2446,-33.9873,LOW
0.0,1.487,0.2183,0.0,0.3657,40.5086,-17.9229,-2.3141,-0.1926,15.3184,MEDIUM_HIGH
0.0,1.487,0.2183,1.1243,0.5379,28.6136,16.4514,-1.1898,-0.0204,3.4234,LOW
0.0,1.487,0.2183,23.6329,0.8029,-8.7971,25.5857,21.3188,0.2446,-33.9873,LOW
1.6977,1.558,0.4375,0.0,0.3657,40.5086,-17.9229,-2.3141,-0.1926,15.3184,MEDIUM_HIGH
1.6977,1.558,0.4375,1.1243,0.5379,28.6136,16.4514,-1.1898,-0.0204,3.4234,LOW
1.6977,1.558,0.4375,23.6329,0.8029,-8.7971,25.5857,21.3188,0.2446,-33.9873,LOW
-0.2693,1.2397,0.0347,0.0,0.3657,40.5086,-17.9229,-2.3141,-0.1926,15.3184,MEDIUM_HIGH
-0.2693,1.2397,0.0347,1.1243,0.5379,28.6136,16.4514,-1.1898,-0.0204,3.4234,LOW
-0.2693,1.2397,0.0347,23.6329,0.8029,-8.7971,25.5857,21.3188,0.2446,-33.9873,LOW
3.8337,1.4608,0.7913,0.0,0.3657,40.5086,-17.9229,-2.3141,-0.1926,15.3184,MEDIUM_HIGH
3.8337,1.4608,0.7913,1.1243,0.5379,28.6136,16.4514,-1.1898,-0.0204,3.4234,LOW
3.8337,1.4608,0.7913,23.6329,0.8029,-8.7971,25.5857,21.3188,0.2446,-33.9873,LOW
2.0281,1.4774,1.0448,0.0,0.3657,40.5086,-17.9229,-2.3141,-0.1926,15.3184,MEDIUM_HIGH
2.0281,1.4774,1.0448,1.1243,0.5379,28.6136,16.4514,-1.1898,-0.0204,3.4234,LOW
2.0281,1.4774,1.0448,23.6329,0.8029,-8.7971,25.5857,21.3188,0.2446,-33.9873,LOW
0.7136,1.2514,1.2723,0.0,0.3657,40.5086,-17.9229,-2.3141,-0.1926,15.3184,MEDIUM_HIGH
0.7136,1.2514,1.2723,1.1243,0.5379,28.6136,16.4514,-1.1898,-0.0204,3.4234,LOW
0.7136,1.2514,1.2723,23.6329,0.8029,-8.7971,25.5857,21.3188,0.2446,-33.9873,LOW
0.1518,1.2872,1.0744,0.0,0.3657,40.5086,-17.9229,-2.3141,-0.1926,15.3184,MEDIUM_HIGH
0.1518,1.2872,1.0744,1.1243,0.5379,28.6136,16.4514,-1.1898,-0.0204,3.4234,LOW
0.1518,1.2872,1.0744,23.6329,0.8029,-8.7971,25.5857,21.3188,0.2446,-33.9873,LOW
0.9096,1.2675,1.1332,0.0,0.3657,40.5086,-17.9229,-2.3141,-0.1926,15.3184,MEDIUM_HIGH
0.9096,1.2675,1.1332,1.1243,0.5379,28.6136,16.4514,-1.1898,-0.0204,3.4234,LOW
0.9096,1.2675,1.1332,23.6329,0.8029,-8.7971,25.5857,21.3188,0.2446,-33.9873,LOW
1.7526,1.2025,1.3522,0.0,0.3657,40.5086,-17.9229,-2.3141,-0.1926,15.3184,MEDIUM_HIGH
1.7526,1.2025,1.3522,1.1243,0.5379,28.6136,16.4514,-1.1898,-0.0204,3.4234,LOW
1.7526,1.2025,1.3522,23.6329,0.8029,-8.7971,25.5857,21.3188,0.2446,-33.9873,LOW
-0.408,1.3225,1.089,0.0,0.3657,40.5086,-17.9229,-2.3141,-0.1926,15.3184,MEDIUM_HIGH
-0.408,1.3225,1.089,1.1243,0.5379,28.6136,16.4514,-1.1898,-0.0204,3.4234,LOW
-0.408,1.3225,1.089,23.6329,0.8029,-8.7971,25.5857,21.3188,0.2446,-33.9873,LOW
-5.7671,2.631,0.4018,0.0,0.3657,40.5086,-17.9229,-2.3141,-0.1926,15.3184,MEDIUM_HIGH
-5.7671,2.631,0.4018,1.1243,0.5379,28.6136,16.4514,-1.1898,-0.0204,3.4234,LOW
-5.7671,2.631,0.4018,23.6329,0.8029,-8.7971,25.5857,21.3188,0.2446,-33.9873,LOW
0.0,2.2892,-0.0774,0.0,0.3657,40.5086,-17.9229,-2.3141,-0.1926,15.3184,MEDIUM_HIGH
0.0,2.2892,-0.0774,1.1243,0.5379,28.6136,16.4514,-1.1898,-0.0204,3.4234,LOW
0.0,2.2892,-0.0774,23.6329,0.8029,-8.7971,25.5857,21.3188,0.2446,-33.9873,LOW
-1.2585,2.166,-0.4883,0.0,0.3657,40.5086,-17.9229,-2.3141,-0.1926,15.3184,MEDIUM_HIGH
-1.2585,2.166,-0.4883,1.1243,0.5379,28.6136,16.4514,-1.1898,-0.0204,3.4234,LOW
-1.2585,2.166,-0.4883,23.6329,0.8029,-8.7971,25.5857,21.3188,0.2446,-33.9873,LOW
0.2655,2.1399,-0.5443,0.0,0.3657,40.5086,-17.9229,-2.3141,-0.1926,15.3184,MEDIUM_HIGH
0.2655,2.1399,-0.5443,1.1243,0.5379,28.6136,16.4514,-1.1898,-0.0204,3.4234,LOW
0.2655,2.1399,-0.5443,23.6329,0.8029,-8.7971,25.5857,21.3188,0.2446,-33.9873,LOW
-2.2172,2.1865,-0.8404,0.0,0.3657,40.5086,-17.9229,-2.3141,-0.1926,15.3184,MEDIUM_HIGH
-2.2172,2.1865,-0.8404,1.1243,0.5379,28.6136,16.4514,-1.1898,-0.0204,3.4234,LOW
-2.2172,2.1865,-0.8404,23.6329,0.8029,-8.7971,25.5857,21.3188,0.2446,-33.9873,LOW
1.5091,2.2544,-0.7654,0.0,0.3657,40.5086,-17.9229,-2.3141,-0.1926,15.3184,MEDIUM_HIGH
1.5091,2.2544,-0.7654,1.1243,0.5379,28.6136,16.4514,-1.1898,-0.0204,3.4234,LOW
1.5091,2.2544,-0.7654,23.6329,0.8029,-8.7971,25.5857,21.3188,0.2446,-33.9873,LOW
4.4824,2.7597,-0.4242,0.0,0.3657,40.5086,-17.9229,-2.3141,-0.1926,15.3184,MEDIUM_HIGH
4.4824,2.7597,-0.4242,1.1243,0.5379,28.6136,16.4514,-1.1898,-0.0204,3.4234,LOW
4.4824,2.7597,-0.4242,23.6329,0.8029,-8.7971,25.5857,21.3188,0.2446,-33.9873,LOW
0.0,2.7633,-0.3732,0.0,0.3657,40.5086,-17.9229,-2.3141,-0.1926,15.3184,MEDIUM_HIGH
0.0,2.7633,-0.3732,1.1243,0.5379,28.6136,16.4514,-1.1898,-0.0204,3.4234,LOW
0.0,2.7633,-0.3732,23.6329,0.8029,-8.7971,25.5857,21.3188,0.2446,-33.9873,LOW
-2.094,2.0392,0.0859,0.0,0.3657,40.5086,-17.9229,-2.3141,-0.1926,15.3184,MEDIUM_HIGH
-2.094,2.0392,0.0859,1.1243,0.5379,28.6136,16.4514,-1.1898,-0.0204,3.4234,LOW
-2.094,2.0392,0.0859,23.6329,0.8029,-8.7971,25.5857,21.3188,0.2446,-33.9873,LOW
-1.8779,2.1411,-0.1488,0.0,0.3657,40.5086,-17.9229,-2.3141,-0.1926,15.3184,MEDIUM_HIGH
-1.8779,2.1411,-0.1488,1.1243,0.5379,28.6136,16.4514,-1.1898,-0.0204,3.4234,LOW
-1.8779,2.1411,-0.1488,23.6329,0.8029,-8.7971,25.5857,21.3188,0.2446,-33.9873,LOW
-3.0303,2.3279,-0.3703,0.0,0.3657,40.5086,-17.9229,-2.3141,-0.1926,15.3184,MEDIUM_HIGH
-3.0303,2.3279,-0.3703,1.1243,0.5379,28.6136,16.4514,-1.1898,-0.0204,3.4234,LOW
-3.0303,2.3279,-0.3703,23.6329,0.8029,-8.7971,25.5857,21.3188,0.2446,-33.9873,LOW
-1.6447,2.3483,-0.6091,0.0,0.3657,40.5086,-17.9229,-2.3141,-0.1926,15.3184,MEDIUM_HIGH
-1.6447,2.3483,-0.6091,1.1243,0.5379,28.6136,16.4514,-1.1898,-0.0204,3.4234,LOW
-1.6447,2.3483,-0.6091,23.6329,0.8029,-8.7971,25.5857,21.3188,0.2446,-33.9873,LOW
3.233,2.5637,0.0722,0.0,0.3657,40.5086,-17.9229,-2.3141,-0.1926,15.3184,MEDIUM_HIGH
3.233,2.5637,0.0722,1.1243,0.5379,28.6136,16.4514,-1.1898,-0.0204,3.4234,LOW
3.233,2.5637,0.0722,23.6329,0.8029,-8.7971,25.5857,21.3188,0.2446,-33.9873,LOW
-2.1598,2.5936,-0.3864,0.0,0.3657,40.5086,-17.9229,-2.3141,-0.1926,15.3184,MEDIUM_HIGH
-2.1598,2.5936,-0.3864,1.1243,0.5379,28.6136,16.4514,-1.1898,-0.0204,3.4234,LOW
-2.1598,2.5936,-0.3864,23.6329,0.8029,-8.7971,25.5857,21.3188,0.2446,-33.9873,LOW
2.7594,2.2258,-0.6018,0.0,0.3657,40.5086,-17.9229,-2.3141,-0.1926,15.3184,MEDIUM_HIGH
2.7594,2.2258,-0.6018,1.1243,0.5379,28.6136,16.4514,-1.1898,-0.0204,3.4234,LOW
2.7594,2.2258,-0.6018,23.6329,0.8029,-8.7971,25.5857,21.3188,0.2446,-33.9873,LOW
-1.2352,2.2215,-0.7562,0.0,0.3657,40.5086,-17.9229,-2.3141,-0.1926,15.3184,MEDIUM_HIGH
-1.2352,2.2215,-0.7562,1.1243,0.5379,28.6136,16.4514,-1.1898,-0.0204,3.4234,LOW
-1.2352,2.2215,-0.7562,23.6329,0.8029,-8.7971,25.5857,21.3188,0.2446,-33.9873,LOW
-0.2719,2.1654,-0.5284,0.0,0.3657,40.5086,-17.9229,-2.3141,-0.1926,15.3184,MEDIUM_HIGH
-0.2719,2.1654,-0.5284,1.1243,0.5379,28.6136,16.4514,-1.1898,-0.0204,3.4234,LOW
-0.2719,2.1654,-0.5284,23.6329,0.8029,-8.7971,25.5857,21.3188,0.2446,-33.9873,LOW
-3.3806,2.333,-0.7163,0.0,0.3657,40.5086,-17.9229,-2.3141,-0.1926,15.3184,MEDIUM_HIGH
-3.3806,2.333,-0.7163,1.1243,0.5379,28.6136,16.4514,-1.1898,-0.0204,3.4234,LOW
-3.3806,2.333,-0.7163,23.6329,0.8029,-8.7971,25.5857,21.3188,0.2446,-33.9873,LOW
2.4831,2.3618,-0.0271,0.0,0.3657,40.5086,-17.9229,-2.3141,-0.1926,15.3184,MEDIUM_HIGH
2.4831,2.3618,-0.0271,1.1243,0.5379,28.6136,16.4514,-1.1898,-0.0204,3.4234,LOW
2.4831,2.3618,-0.0271,23.6329,0.8029,-8.7971,25.5857,21.3188,0.2446,-33.9873,LOW
-4.9009,2.8381,-0.4341,0.0,0.3657,40.5086,-17.9229,-2.3141,-0.1926,15.3184,MEDIUM_HIGH
-4.9009,2.8381,-0.4341,1.1243,0.5379,28.6136,16.4514,-1.1898,-0.0204,3.4234,LOW
-4.9009,2.8381,-0.4341,23.6329,0.8029,-8.7971,25.5857,21.3188,0.2446,-33.9873,LOW
3.1268,2.8211,-0.4474,0.0,0.3657,40.5086,-17.9229,-2.3141,-0.1926,15.3184,MEDIUM_HIGH
3.1268,2.8211,-0.4474,1.1243,0.5379,28.6136,16.4514,-1.1898,-0.0204,3.4234,LOW
3.1268,2.8211,-0.4474,23.6329,0.8029,-8.7971,25.5857,21.3188,0.2446,-33.9873,LOW
-1.7967,2.796,-0.402,0.0,0.3657,40.5086,-17.9229,-2.3141,-0.1926,15.3184,MEDIUM_HIGH
-1.7967,2.796,-0.402,1.1243,0.5379,28.6136,16.4514,-1.1898,-0.0204,3.4234,LOW
-1.7967,2.796,-0.402,23.6329,0.8029,-8.7971,25.5857,21.3188,0.2446,-33.9873,LOW
-1.8296,2.5483,-0.9756,0.0,0.3657,40.5086,-17.9229,-2.3141,-0.1926,15.3184,MEDIUM_HIGH
-1.8296,2.5483,-0.9756,1.1243,0.5379,28.6136,16.4514,-1.1898,-0.0204,3.4234,LOW
-1.8296,2.5483,-0.9756,23.6329,0.8029,-8.7971,25.5857,21.3188,0.2446,-33.9873,LOW
-0.7571,2.5471,-0.9159,0.0,0.3657,40.5086,-17.9229,-2.3141,-0.1926,15.3184,MEDIUM_HIGH
-0.7571,2.5471,-0.9159,1.1243,0.5379,28.6136,16.4514,-1.1898,-0.0204,3.4234,LOW
-0.7571,2.5471,-0.9159,23.6329,0.8029,-8.7971,25.5857,21.3188,0.2446,-33.9873,LOW
0.3034,2.5723,-0.8439,0.0,0.3657,40.5086,-17.9229,-2.3141,-0.1926,15.3184,MEDIUM_HIGH
0.3034,2.5723,-0.8439,1.1243,0.5379,28.6136,16.4514,-1.1898,-0.0204,3.4234,LOW
0.3034,2.5723,-0.8439,23.6329,0.8029,-8.7971,25.5857,21.3188,0.2446,-33.9873,LOW
1.2187,2.4523,-0.269,0.0,0.3657,40.5086,-17.9229,-2.3141,-0.1926,15.3184,MEDIUM_HIGH
1.2187,2.4523,-0.269,1.1243,0.5379,28.6136,16.4514,-1.1898,-0.0204,3.4234,LOW
1.2187,2.4523,-0.269,23.6329,0.8029,-8.7971,25.5857,21.3188,0.2446,-33.9873,LOW
1.5607,2.3392,-0.3843,0.0,0.3657,40.5086,-17.9229,-2.3141,-0.1926,15.3184,MEDIUM_HIGH
1.5607,2.3392,-0.3843,1.1243,0.5379,28.6136,16.4514,-1.1898,-0.0204,3.4234,LOW
1.5607,2.3392,-0.3843,23.6329,0.8029,-8.7971,25.5857,21.3188,0.2446,-33.9873,LOW
-0.2277,1.6074,0.1998,0.0,0.3657,40.5086,-17.9229,-2.3141,-0.1926,15.3184,MEDIUM_HIGH
-0.2277,1.6074,0.1998,1.1243,0.5379,28.6136,16.4514,-1.1898,-0.0204,3.4234,LOW
-0.2277,1.6074,0.1998,23.6329,0.8029,-8.7971,25.5857,21.3188,0.2446,-33.9873,LOW
2.1107,1.3976,0.0728,0.0,0.3657,40.5086,-17.9229,-2.3141,-0.1926,15.3184,MEDIUM_HIGH
2.1107,1.3976,0.0728,1.1243,0.5379,28.6136,16.4514,-1.1898,-0.0204,3.4234,LOW
2.1107,1.3976,0.0728,23.6329,0.8029,-8.7971,25.5857,21.3188,0.2446,-33.9873,LOW
-0.8939,1.273,0.1857,0.0,0.3657,40.5086,-17.9229,-2.3141,-0.1926,15.3184,MEDIUM_HIGH
-0.8939,1.273,0.1857,1.1243,0.5379,28.6136,16.4514,-1.1898,-0.0204,3.4234,LOW
-0.8939,1.273,0.1857,23.6329,0.8029,-8.7971,25.5857,21.3188,0.2446,-33.9873,LOW
-0.6764,1.0886,0.3298,0.0,0.3657,40.5086,-17.9229,-2.3141,-0.1926,15.3184,MEDIUM_HIGH
-0.6764,1.0886,0.3298,1.1243,0.5379,28.6136,16.4514,-1.1898,-0.0204,3.4234,LOW
-0.6764,1.0886,0.3298,23.6329,0.8029,-8.7971,25.5857,21.3188,0.2446,-33.9873,LOW
-0.0568,1.0239,0.4173,0.0,0.3657,40.5086,-17.9229,-2.3141,-0.1926,15.3184,MEDIUM_HIGH
-0.0568,1.0239,0.4173,1.1243,0.5379,28.6136,16.4514,-1.1898,-0.0204,3.4234,LOW
-0.0568,1.0239,0.4173,23.6329,0.8029,-8.7971,25.5857,21.3188,0.2446,-33.9873,LOW
-1.7604,1.2542,0.1594,0.0,0.3657,40.5086,-17.9229,-2.3141,-0.1926,15.3184,MEDIUM_HIGH
-1.7604,1.2542,0.1594,1.1243,0.5379,28.6136,16.4514,-1.1898,-0.0204,3.4234,LOW
-1.7604,1.2542,0.1594,23.6329,0.8029,-8.7971,25.5857,21.3188,0.2446,-33.9873,LOW
1.3873,1.2731,0.1804,0.0,0.3657,40.5086,-17.9229,-2.3141,-0.1926,15.3184,MEDIUM_HIGH
1.3873,1.2731,0.1804,1.1243,0.5379,28.6136,16.4514,-1.1898,-0.0204,3.4234,LOW
1.3873,1.2731,0.1804,23.6329,0.8029,-8.7971,25.5857,21.3188,0.2446,-33.9873,LOW
0.4276,1.1705,0.0388,0.0,0.3657,40.5086,-17.9229,-2.3141,-0.1926,15.3184,MEDIUM_HIGH
0.4276,1.1705,0.0388,1.1243,0.5379,28.6136,16.4514,-1.1898,-0.0204,3.4234,LOW
0.4276,1.1705,0.0388,23.6329,0.8029,-8.7971,25.5857,21.3188,0.2446,-33.9873,LOW
1.0179,1.207,0.1945,0.0,0.3657,40.5086,-17.9229,-2.3141,-0.1926,15.3184,MEDIUM_HIGH
1.0179,1.207,0.1945,1.1243,0.5379,28.6136,16.4514,-1.1898,-0.0204,3.4234,LOW
1.0179,1.207,0.1945,23.6329,0.8029,-8.7971,25.5857,21.3188,0.2446,-33.9873,LOW
-0.1624,0.9659,-0.0896,0.0,0.3657,40.5086,-17.9229,-2.3141,-0.1926,15.3184,MEDIUM_HIGH
-0.1624,0.9659,-0.0896,1.1243,0.5379,28.6136,16.4514,-1.1898,-0.0204,3.4234,LOW
-0.1624,0.9659,-0.0896,23.6329,0.8029,-8.7971,25.5857,21.3188,0.2446,-33.9873,LOW
0.7577,0.9483,0.1168,0.0,0.3657,40.5086,-17.9229,-2.3141,-0.1926,15.3184,MEDIUM_HIGH
0.7577,0.9483,0.1168,1.1243,0.5379,28.6136,16.4514,-1.1898,-0.0204,3.4234,LOW
0.7577,0.9483,0.1168,23.6329,0.8029,-8.7971,25.5857,21.3188,0.2446,-33.9873,LOW
-1.676,1.0986,-0.0081,0.0,0.3657,40.5086,-17.9229,-2.3141,-0.1926,15.3184,MEDIUM_HIGH
-1.676,1.0986,-0.0081,1.1243,0.5379,28.6136,16.4514,-1.1898,-0.0204,3.4234,LOW
-1.676,1.0986,-0.0081,23.6329,0.8029,-8.7971,25.5857,21.3188,0.2446,-33.9873,LOW
2.117,1.3028,0.2636,0.0,0.3657,40.5086,-17.9229,-2.3141,-0.1926,15.3184,MEDIUM_HIGH
2.117,1.3028,0.2636,1.1243,0.5379,28.6136,16.4514,-1.1898,-0.0204,3.4234,LOW
2.117,1.3028,0.2636,23.6329,0.8029,-8.7971,25.5857,21.3188,0.2446,-33.9873,LOW
-0.6821,1.1308,0.3984,0.0,0.3657,40.5086,-17.9229,-2.3141,-0.1926,15.3184,MEDIUM_HIGH
-0.6821,1.1308,0.3984,1.1243,0.5379,28.6136,16.4514,-1.1898,-0.0204,3.4234,LOW
-0.6821,1.1308,0.3984,23.6329,0.8029,-8.7971,25.5857,21.3188,0.2446,-33.9873,LOW
-0.5602,1.101,0.1549,0.0,0.3657,40.5086,-17.9229,-2.3141,-0.1926,15.3184,MEDIUM_HIGH
-0.5602,1.101,0.1549,1.1243,0.5379,28.6136,16.4514,-1.1898,-0.0204,3.4234,LOW
-0.5602,1.101,0.1549,23.6329,0.8029,-8.7971,25.5857,21.3188,0.2446,-33.9873,LOW
0.2282,1.0968,0.13,0.0,0.3657,40.5086,-17.9229,-2.3141,-0.1926,15.3184,MEDIUM_HIGH
0.2282,1.0968,0.13,1.1243,0.5379,28.6136,16.4514,-1.1898,-0.0204,3.4234,LOW
0.2282,1.0968,0.13,23.6329,0.8029,-8.7971,25.5857,21.3188,0.2446,-33.9873,LOW
1.7397,1.1917,0.2202,0.0,0.3657,40.5086,-17.9229,-2.3141,-0.1926,15.3184,MEDIUM_HIGH
1.7397,1.1917,0.2202,1.1243,0.5379,28.6136,16.4514,-1.1898,-0.0204,3.4234,LOW
1.7397,1.1917,0.2202,23.6329,0.8029,-8.7971,25.5857,21.3188,0.2446,-33.9873,LOW
-2.5967,1.5169,-0.084,0.0,0.3657,40.5086,-17.9229,-2.3141,-0.1926,15.3184,MEDIUM_HIGH
-2.5967,1.5169,-0.084,1.1243,0.5379,28.6136,16.4514,-1.1898,-0.0204,3.4234,LOW
-2.5967,1.5169,-0.084,23.6329,0.8029,-8.7971,25.5857,21.3188,0.2446,-33.9873,LOW
1.4748,1.5837,0.0056,0.0,0.3657,40.5086,-17.9229,-2.3141,-0.1926,15.3184,MEDIUM_HIGH
1.4748,1.5837,0.0056,1.1243,0.5379,28.6136,16.4514,-1.1898,-0.0204,3.4234,LOW
1.4748,1.5837,0.0056,23.6329,0.8029,-8.7971,25.5857,21.3188,0.2446,-33.9873,LOW
-3.9966,2.0181,-0.2845,0.0,0.3657,40.5086,-17.9229,-2.3141,-0.1926,15.3184,MEDIUM_HIGH
-3.9966,2.0181,-0.2845,1.1243,0.5379,28.6136,16.4514,-1.1898,-0.0204,3.4234,LOW
-3.9966,2.0181,-0.2845,23.6329,0.8029,-8.7971,25.5857,21.3188,0.2446,-33.9873,LOW
1.4265,1.9262,-0.3708,0.0,0.3657,40.5086,-17.9229,-2.3141,-0.1926,15.3184,MEDIUM_HIGH
1.4265,1.9262,-0.3708,1.1243,0.5379,28.6136,16.4514,-1.1898,-0.0204,3.4234,LOW
1.4265,1.9262,-0.3708,23.6329,0.8029,-8.7971,25.5857,21.3188,0.2446,-33.9873,LOW
0.3444,1.9354,-0.2425,0.0,0.3657,40.5086,-17.9229,-2.3141,-0.1926,15.3184,MEDIUM_HIGH
0.3444,1.9354,-0.2425,1.1243,0.5379,28.6136,16.4514,-1.1898,-0.0204,3.4234,LOW
0.3444,1.9354,-0.2425,23.6329,0.8029,-8.7971,25.5857,21.3188,0.2446,-33.9873,LOW
0.1144,1.9344,-0.1582,0.0,0.3657,40.5086,-17.9229,-2.3141,-0.1926,15.3184,MEDIUM_HIGH
0.1144,1.9344,-0.1582,1.1243,0.5379,28.6136,16.4514,-1.1898,-0.0204,3.4234,LOW
0.1144,1.9344,-0.1582,23.6329,0.8029,-8.7971,25.5857,21.3188,0.2446,-33.9873,LOW
0.8571,1.9611,-0.0795,0.0,0.3657,40.5086,-17.9229,-2.3141,-0.1926,15.3184,MEDIUM_HIGH
0.8571,1.9611,-0.0795,1.1243,0.5379,28.6136,16.4514,-1.1898,-0.0204,3.4234,LOW
0.8571,1.9611,-0.0795,23.6329,0.8029,-8.7971,25.5857,21.3188,0.2446,-33.9873,LOW
-0.17,1.8375,-0.3183,0.0,0.3657,40.5086,-17.9229,-2.3141,-0.1926,15.3184,MEDIUM_HIGH
-0.17,1.8375,-0.3183,1.1243,0.5379,28.6136,16.4514,-1.1898,-0.0204,3.4234,LOW
-0.17,1.8375,-0.3183,23.6329,0.8029,-8.7971,25.5857,21.3188,0.2446,-33.9873,LOW
1.5323,1.6997,0.1979,0.0,0.3657,40.5086,-17.9229,-2.3141,-0.1926,15.3184,MEDIUM_HIGH
1.5323,1.6997,0.1979,1.1243,0.5379,28.6136,16.4514,-1.1898,-0.0204,3.4234,LOW
1.5323,1.6997,0.1979,23.6329,0.8029,-8.7971,25.5857,21.3188,0.2446,-33.9873,LOW
3.5215,2.0002,0.4537,0.0,0.3657,40.5086,-17.9229,-2.3141,-0.1926,15.3184,MEDIUM_HIGH
3.5215,2.0002,0.4537,1.1243,0.5379,28.6136,16.4514,-1.1898,-0.0204,3.4234,LOW
3.5215,2.0002,0.4537,23.6329,0.8029,-8.7971,25.5857,21.3188,0.2446,-33.9873,LOW
0.8099,1.0862,1.0545,0.0,0.3657,40.5086,-17.9229,-2.3141,-0.1926,15.3184,MEDIUM_HIGH
0.8099,1.0862,1.0545,1.1243,0.5379,28.6136,16.4514,-1.1898,-0.0204,3.4234,LOW
0.8099,1.0862,1.0545,23.6329,0.8029,-8.7971,25.5857,21.3188,0.2446,-33.9873,LOW
0.6963,1.0818,0.9632,0.0,0.3657,40.5086,-17.9229,-2.3141,-0.1926,15.3184,MEDIUM_HIGH
0.6963,1.0818,0.9632,1.1243,0.5379,28.6136,16.4514,-1.1898,-0.0204,3.4234,LOW
0.6963,1.0818,0.9632,23.6329,0.8029,-8.7971,25.5857,21.3188,0.2446,-33.9873,LOW
-1.1702,1.2867,0.7739,0.0,0.3657,40.5086,-17.9229,-2.3141,-0.1926,15.3184,MEDIUM_HIGH
-1.1702,1.2867,0.7739,1.1243,0.5379,28.6136,16.4514,-1.1898,-0.0204,3.4234,LOW
-1.1702,1.2867,0.7739,23.6329,0.8029,-8.7971,25.5857,21.3188,0.2446,-33.9873,LOW
-2.099,1.5988,0.4972,0.0,0.3657,40.5086,-17.9229,-2.3141,-0.1926,15.3184,MEDIUM_HIGH
-2.099,1.5988,0.4972,1.1243,0.5379,28.6136,16.4514,-1.1898,-0.0204,3.4234,LOW
-2.099,1.5988,0.4972,23.6329,0.8029,-8.7971,25.5857,21.3188,0.2446,-33.9873,LOW
-2.4189,1.8535,0.0877,0.0,0.3657,40.5086,-17.9229,-2.3141,-0.1926,15.3184,MEDIUM_HIGH
-2.4189,1.8535,0.0877,1.1243,0.5379,28.6136,16.4514,-1.1898,-0.0204,3.4234,LOW
-2.4189,1.8535,0.0877,23.6329,0.8029,-8.7971,25.5857,21.3188,0.2446,-33.9873,LOW
1.1268,1.8804,0.2498,0.0,0.3657,40.5086,-17.9229,-2.3141,-0.1926,15.3184,MEDIUM_HIGH
1.1268,1.8804,0.2498,1.1243,0.5379,28.6136,16.4514,-1.1898,-0.0204,3.4234,LOW
1.1268,1.8804,0.2498,23.6329,0.8029,-8.7971,25.5857,21.3188,0.2446,-33.9873,LOW
1.7827,1.9034,0.2811,0.0,0.3657,40.5086,-17.9229,-2.3141,-0.1926,15.3184,MEDIUM_HIGH
1.7827,1.9034,0.2811,1.1243,0.5379,28.6136,16.4514,-1.1898,-0.0204,3.4234,LOW
1.7827,1.9034,0.2811,23.6329,0.8029,-8.7971,25.5857,21.3188,0.2446,-33.9873,LOW
3.3935,1.8764,0.2651,0.0,0.3657,40.5086,-17.9229,-2.3141,-0.1926,15.3184,MEDIUM_HIGH
3.3935,1.8764,0.2651,1.1243,0.5379,28.6136,16.4514,-1.1898,-0.0204,3.4234,LOW
3.3935,1.8764,0.2651,23.6329,0.8029,-8.7971,25.5857,21.3188,0.2446,-33.9873,LOW
-1.4823,1.9451,-0.0214,0.0,0.3657,40.5086,-17.9229,-2.3141,-0.1926,15.3184,MEDIUM_HIGH
-1.4823,1.9451,-0.0214,1.1243,0.5379,28.6136,16.4514,-1.1898,-0.0204,3.4234,LOW
-1.4823,1.9451,-0.0214,23.6329,0.8029,-8.7971,25.5857,21.3188,0.2446,-33.9873,LOW
-2.5255,2.0835,-0.4241,0.0,0.3657,40.5086,-17.9229,-2.3141,-0.1926,15.3184,MEDIUM_HIGH
-2.5255,2.0835,-0.4241,1.1243,0.5379,28.6136,16.4514,-1.1898,-0.0204,3.4234,LOW
-2.5255,2.0835,-0.4241,23.6329,0.8029,-8.7971,25.5857,21.3188,0.2446,-33.9873,LOW
3.3076,2.3872,0.1356,0.0,0.3657,40.5086,-17.9229,-2.3141,-0.1926,15.3184,MEDIUM_HIGH
3.3076,2.3872,0.1356,1.1243,0.5379,28.6136,16.4514,-1.1898,-0.0204,3.4234,LOW
3.3076,2.3872,0.1356,23.6329,0.8029,-8.7971,25.5857,21.3188,0.2446,-33.9873,LOW
-2.3744,0.0,-2.3744,0.0,0.3657,40.5086,-17.9229,-2.3141,-0.1926,15.3184,MEDIUM_HIGH
-2.3744,0.0,-2.3744,1.1243,0.5379,28.6136,16.4514,-1.1898,-0.0204,3.4234,LOW
-2.3744,0.0,-2.3744,23.6329,0.8029,-8.7971,25.5857,21.3188,0.2446,-33.9873,LOW
-0.8512,0.7616,-1.6128,0.0,0.3657,40.5086,-17.9229,-2.3141,-0.1926,15.3184,MEDIUM_HIGH
-0.8512,0.7616,-1.6128,1.1243,0.5379,28.6136,16.4514,-1.1898,-0.0204,3.4234,LOW
-0.8512,0.7616,-1.6128,23.6329,0.8029,-8.7971,25.5857,21.3188,0.2446,-33.9873,LOW
-2.0033,0.6485,-1.743,0.0,0.3657,40.5086,-17.9229,-2.3141,-0.1926,15.3184,MEDIUM_HIGH
-2.0033,0.6485,-1.743,1.1243,0.5379,28.6136,16.4514,-1.1898,-0.0204,3.4234,LOW
-2.0033,0.6485,-1.743,23.6329,0.8029,-8.7971,25.5857,21.3188,0.2446,-33.9873,LOW
-1.3308,0.5893,-1.6399,0.0,0.3657,40.5086,-17.9229,-2.3141,-0.1926,15.3184,MEDIUM_HIGH
-1.3308,0.5893,-1.6399,1.1243,0.5379,28.6136,16.4514,-1.1898,-0.0204,3.4234,LOW
-1.3308,0.5893,-1.6399,23.6329,0.8029,-8.7971,25.5857,21.3188,0.2446,-33.9873,LOW
2.7441,1.8311,-0.7631,0.0,0.3657,40.5086,-17.9229,-2.3141,-0.1926,15.3184,MEDIUM_HIGH
2.7441,1.8311,-0.7631,1.1243,0.5379,28.6136,16.4514,-1.1898,-0.0204,3.4234,LOW
2.7441,1.8311,-0.7631,23.6329,0.8029,-8.7971,25.5857,21.3188,0.2446,-33.9873,LOW
-5.3909,2.4018,-1.5344,0.0,0.3657,40.5086,-17.9229,-2.3141,-0.1926,15.3184,MEDIUM_HIGH
-5.3909,2.4018,-1.5344,1.1243,0.5379,28.6136,16.4514,-1.1898,-0.0204,3.4234,LOW
-5.3909,2.4018,-1.5344,23.6329,0.8029,-8.7971,25.5857,21.3188,0.2446,-33.9873,LOW
-2.5663,2.2528,-1.6818,0.0,0.3657,40.5086,-17.9229,-2.3141,-0.1926,15.3184,MEDIUM_HIGH
-2.5663,2.2528,-1.6818,1.1243,0.5379,28.6136,16.4514,-1.1898,-0.0204,3.4234,LOW
-2.5663,2.2528,-1.6818,23.6329,0.8029,-8.7971,25.5857,21.3188,0.2446,-33.9873,LOW
0.9821,2.284,-1.3488,0.0,0.3657,40.5086,-17.9229,-2.3141,-0.1926,15.3184,MEDIUM_HIGH
0.9821,2.284,-1.3488,1.1243,0.5379,28.6136,16.4514,-1.1898,-0.0204,3.4234,LOW
0.9821,2.284,-1.3488,23.6329,0.8029,-8.7971,25.5857,21.3188,0.2446,-33.9873,LOW
-0.7515,2.2558,-1.146,0.0,0.3657,40.5086,-17.9229,-2.3141,-0.1926,15.3184,MEDIUM_HIGH
-0.7515,2.2558,-1.146,1.1243,0.5379,28.6136,16.4514,-1.1898,-0.0204,3.4234,LOW
-0.7515,2.2558,-1.146,23.6329,0.8029,-8.7971,25.5857,21.3188,0.2446,-33.9873,LOW
-2.3608,2.2862,-1.3347,0.0,0.3657,40.5086,-17.9229,-2.3141,-0.1926,15.3184,MEDIUM_HIGH
-2.3608,2.2862,-1.3347,1.1243,0.5379,28.6136,16.4514,-1.1898,-0.0204,3.4234,LOW
-2.3608,2.2862,-1.3347,23.6329,0.8029,-8.7971,25.5857,21.3188,0.2446,-33.9873,LOW
-3.8777,2.434,-1.569,0.0,0.3657,40.5086,-17.9229,-2.3141,-0.1926,15.3184,MEDIUM_HIGH
-3.8777,2.434,-1.569,1.1243,0.5379,28.6136,16.4514,-1.1898,-0.0204,3.4234,LOW
-3.8777,2.434,-1.569,23.6329,0.8029,-8.7971,25.5857,21.3188,0.2446,-33.9873,LOW
1.3289,2.6185,-1.2365,0.0,0.3657,40.5086,-17.9229,-2.3141,-0.1926,15.3184,MEDIUM_HIGH
1.3289,2.6185,-1.2365,1.1243,0.5379,28.6136,16.4514,-1.1898,-0.0204,3.4234,LOW
1.3289,2.6185,-1.2365,23.6329,0.8029,-8.7971,25.5857,21.3188,0.2446,-33.9873,LOW
2.3888,2.5528,-1.2809,0.0,0.3657,40.5086,-17.9229,-2.3141,-0.1926,15.3184,MEDIUM_HIGH
2.3888,2.5528,-1.2809,1.1243,0.5379,28.6136,16.4514,-1.1898,-0.0204,3.4234,LOW
2.3888,2.5528,-1.2809,23.6329,0.8029,-8.7971,25.5857,21.3188,0.2446,-33.9873,LOW
0.7777,2.0833,-0.5099,0.0,0.3657,40.5086,-17.9229,-2.3141,-0.1926,15.3184,MEDIUM_HIGH
0.7777,2.0833,-0.5099,1.1243,0.5379,28.6136,16.4514,-1.1898,-0.0204,3.4234,LOW
0.7777,2.0833,-0.5099,23.6329,0.8029,-8.7971,25.5857,21.3188,0.2446,-33.9873,LOW
0.4085,1.9439,-0.138,0.0,0.3657,40.5086,-17.9229,-2.3141,-0.1926,15.3184,MEDIUM_HIGH
0.4085,1.9439,-0.138,1.1243,0.5379,28.6136,16.4514,-1.1898,-0.0204,3.4234,LOW
0.4085,1.9439,-0.138,23.6329,0.8029,-8.7971,25.5857,21.3188,0.2446,-33.9873,LOW
0.226,1.9052,-0.2325,0.0,0.3657,40.5086,-17.9229,-2.3141,-0.1926,15.3184,MEDIUM_HIGH
0.226,1.9052,-0.2325,1.1243,0.5379,28.6136,16.4514,-1.1898,-0.0204,3.4234,LOW
0.226,1.9052,-0.2325,23.6329,0.8029,-8.7971,25.5857,21.3188,0.2446,-33.9873,LOW
4.6554,2.475,0.4434,0.0,0.3657,40.5086,-17.9229,-2.3141,-0.1926,15.3184,MEDIUM_HIGH
4.6554,2.475,0.4434,1.1243,0.5379,28.6136,16.4514,-1.1898,-0.0204,3.4234,LOW
4.6554,2.475,0.4434,23.6329,0.8029,-8.7971,25.5857,21.3188,0.2446,-33.9873,LOW
-2.2502,2.4596,0.4572,0.0,0.3657,40.5086,-17.9229,-2.3141,-0.1926,15.3184,MEDIUM_HIGH
-2.2502,2.4596,0.4572,1.1243,0.5379,28.6136,16.4514,-1.1898,-0.0204,3.4234,LOW
-2.2502,2.4596,0.4572,23.6329,0.8029,-8.7971,25.5857,21.3188,0.2446,-33.9873,LOW
-2.8219,2.2421,0.5892,0.0,0.3657,40.5086,-17.9229,-2.3141,-0.1926,15.3184,MEDIUM_HIGH
-2.8219,2.2421,0.5892,1.1243,0.5379,28.6136,16.4514,-1.1898,-0.0204,3.4234,LOW
-2.8219,2.2421,0.5892,23.6329,0.8029,-8.7971,25.5857,21.3188,0.2446,-33.9873,LOW
-3.6298,2.6076,-0.0307,0.0,0.3657,40.5086,-17.9229,-2.3141,-0.1926,15.3184,MEDIUM_HIGH
-3.6298,2.6076,-0.0307,1.1243,0.5379,28.6136,16.4514,-1.1898,-0.0204,3.4234,LOW
-3.6298,2.6076,-0.0307,23.6329,0.8029,-8.7971,25.5857,21.3188,0.2446,-33.9873,LOW
1.4595,2.5163,-0.1468,0.0,0.3657,40.5086,-17.9229,-2.3141,-0.1926,15.3184,MEDIUM_HIGH
1.4595,2.5163,-0.1468,1.1243,0.5379,28.6136,16.4514,-1.1898,-0.0204,3.4234,LOW
1.4595,2.5163,-0.1468,23.6329,0.8029,-8.7971,25.5857,21.3188,0.2446,-33.9873,LOW
-0.232,2.492,-0.2731,0.0,0.3657,40.5086,-17.9229,-2.3141,-0.1926,15.3184,MEDIUM_HIGH
-0.232,2.492,-0.2731,1.1243,0.5379,28.6136,16.4514,-1.1898,-0.0204,3.4234,LOW
-0.232,2.492,-0.2731,23.6329,0.8029,-8.7971,25.5857,21.3188,0.2446,-33.9873,LOW
2.8907,2.7031,0.0372,0.0,0.3657,40.5086,-17.9229,-2.3141,-0.1926,15.3184,MEDIUM_HIGH
2.8907,2.7031,0.0372,1.1243,0.5379,28.6136,16.4514,-1.1898,-0.0204,3.4234,LOW
2.8907,2.7031,0.0372,23.6329,0.8029,-8.7971,25.5857,21.3188,0.2446,-33.9873,LOW
-3.3971,2.9277,-0.4157,0.0,0.3657,40.5086,-17.9229,-2.3141,-0.1926,15.3184,MEDIUM_HIGH
-3.3971,2.9277,-0.4157,1.1243,0.5379,28.6136,16.4514,-1.1898,-0.0204,3.4234,LOW
-3.3971,2.9277,-0.4157,23.6329,0.8029,-8.7971,25.5857,21.3188,0.2446,-33.9873,LOW
-1.3,2.2138,-1.1601,0.0,0.3657,40.5086,-17.9229,-2.3141,-0.1926,15.3184,MEDIUM_HIGH
-1.3,2.2138,-1.1601,1.1243,0.5379,28.6136,16.4514,-1.1898,-0.0204,3.4234,LOW
-1.3,2.2138,-1.1601,23.6329,0.8029,-8.7971,25.5857,21.3188,0.2446,-33.9873,LOW
0.5111,2.2321,-0.8149,0.0,0.3657,40.5086,-17.9229,-2.3141,-0.1926,15.3184,MEDIUM_HIGH
0.5111,2.2321,-0.8149,1.1243,0.5379,28.6136,16.4514,-1.1898,-0.0204,3.4234,LOW
0.5111,2.2321,-0.8149,23.6329,0.8029,-8.7971,25.5857,21.3188,0.2446,-33.9873,LOW
0.0,2.1065,-0.4622,0.0,0.3657,40.5086,-17.9229,-2.3141,-0.1926,15.3184,MEDIUM_HIGH
0.0,2.1065,-0.4622,1.1243,0.5379,28.6136,16.4514,-1.1898,-0.0204,3.4234,LOW
0.0,2.1065,-0.4622,23.6329,0.8029,-8.7971,25.5857,21.3188,0.2446,-33.9873,LOW
-0.5425,1.7421,-0.0763,0.0,0.3657,40.5086,-17.9229,-2.3141,-0.1926,15.3184,MEDIUM_HIGH
-0.5425,1.7421,-0.0763,1.1243,0.5379,28.6136,16.4514,-1.1898,-0.0204,3.4234,LOW
-0.5425,1.7421,-0.0763,23.6329,0.8029,-8.7971,25.5857,21.3188,0.2446,-33.9873,LOW
-1.6599,1.7034,-0.4662,0.0,0.3657,40.5086,-17.9229,-2.3141,-0.1926,15.3184,MEDIUM_HIGH
-1.6599,1.7034,-0.4662,1.1243,0.5379,28.6136,16.4514,-1.1898,-0.0204,3.4234,LOW
-1.6599,1.7034,-0.4662,23.6329,0.8029,-8.7971,25.5857,21.3188,0.2446,-33.9873,LOW
1.3263,1.8051,-0.2714,0.0,0.3657,40.5086,-17.9229,-2.3141,-0.1926,15.3184,MEDIUM_HIGH
1.3263,1.8051,-0.2714,1.1243,0.5379,28.6136,16.4514,-1.1898,-0.0204,3.4234,LOW
1.3263,1.8051,-0.2714,23.6329,0.8029,-8.7971,25.5857,21.3188,0.2446,-33.9873,LOW
0.2856,1.3933,-0.5971,0.0,0.3657,40.5086,-17.9229,-2.3141,-0.1926,15.3184,MEDIUM_HIGH
0.2856,1.3933,-0.5971,1.1243,0.5379,28.6136,16.4514,-1.1898,-0.0204,3.4234,LOW
0.2856,1.3933,-0.5971,23.6329,0.8029,-8.7971,25.5857,21.3188,0.2446,-33.9873,LOW
3.2748,1.4627,0.2369,0.0,0.3657,40.5086,-17.9229,-2.3141,-0.1926,15.3184,MEDIUM_HIGH
3.2748,1.4627,0.2369,1.1243,0.5379,28.6136,16.4514,-1.1898,-0.0204,3.4234,LOW
3.2748,1.4627,0.2369,23.6329,0.8029,-8.7971,25.5857,21.3188,0.2446,-33.9873,LOW
0.2298,1.3445,0.4282,0.0,0.3657,40.5086,-17.9229,-2.3141,-0.1926,15.3184,MEDIUM_HIGH
0.2298,1.3445,0.4282,1.1243,0.5379,28.6136,16.4514,-1.1898,-0.0204,3.4234,LOW
0.2298,1.3445,0.4282,23.6329,0.8029,-8.7971,25.5857,21.3188,0.2446,-33.9873,LOW
2.0174,1.4447,0.6164,0.0,0.3657,40.5086,-17.9229,-2.3141,-0.1926,15.3184,MEDIUM_HIGH
2.0174,1.4447,0.6164,1.1243,0.5379,28.6136,16.4514,-1.1898,-0.0204,3.4234,LOW
2.0174,1.4447,0.6164,23.6329,0.8029,-8.7971,25.5857,21.3188,0.2446,-33.9873,LOW
-0.4045,1.4722,0.5659,0.0,0.3657,40.5086,-17.9229,-2.3141,-0.1926,15.3184,MEDIUM_HIGH
-0.4045,1.4722,0.5659,1.1243,0.5379,28.6136,16.4514,-1.1898,-0.0204,3.4234,LOW
-0.4045,1.4722,0.5659,23.6329,0.8029,-8.7971,25.5857,21.3188,0.2446,-33.9873,LOW
0.5415,1.4126,0.7014,0.0,0.3657,40.5086,-17.9229,-2.3141,-0.1926,15.3184,MEDIUM_HIGH
0.5415,1.4126,0.7014,1.1243,0.5379,28.6136,16.4514,-1.1898,-0.0204,3.4234,LOW
0.5415,1.4126,0.7014,23.6329,0.8029,-8.7971,25.5857,21.3188,0.2446,-33.9873,LOW
-0.6732,1.2327,0.8247,0.0,0.3657,40.5086,-17.9229,-2.3141,-0.1926,15.3184,MEDIUM_HIGH
-0.6732,1.2327,0.8247,1.1243,0.5379,28.6136,16.4514,-1.1898,-0.0204,3.4234,LOW
-0.6732,1.2327,0.8247,23.6329,0.8029,-8.7971,25.5857,21.3188,0.2446,-33.9873,LOW
0.4519,1.2221,0.7154,0.0,0.3657,40.5086,-17.9229,-2.3141,-0.1926,15.3184,MEDIUM_HIGH
0.4519,1.2221,0.7154,1.1243,0.5379,28.6136,16.4514,-1.1898,-0.0204,3.4234,LOW
0.4519,1.2221,0.7154,23.6329,0.8029,-8.7971,25.5857,21.3188,0.2446,-33.9873,LOW
-3.1489,1.7756,0.2861,0.0,0.3657,40.5086,-17.9229,-2.3141,-0.1926,15.3184,MEDIUM_HIGH
-3.1489,1.7756,0.2861,1.1243,0.5379,28.6136,16.4514,-1.1898,-0.0204,3.4234,LOW
-3.1489,1.7756,0.2861,23.6329,0.8029,-8.7971,25.5857,21.3188,0.2446,-33.9873,LOW
-0.0697,1.3701,-0.132,0.0,0.3657,40.5086,-17.9229,-2.3141,-0.1926,15.3184,MEDIUM_HIGH
-0.0697,1.3701,-0.132,1.1243,0.5379,28.6136,16.4514,-1.1898,-0.0204,3.4234,LOW
-0.0697,1.3701,-0.132,23.6329,0.8029,-8.7971,25.5857,21.3188,0.2446,-33.9873,LOW
-0.2324,1.3634,-0.1897,0.0,0.3657,40.5086,-17.9229,-2.3141,-0.1926,15.3184,MEDIUM_HIGH
-0.2324,1.3634,-0.1897,1.1243,0.5379,28.6136,16.4514,-1.1898,-0.0204,3.4234,LOW
-0.2324,1.3634,-0.1897,23.6329,0.8029,-8.7971,25.5857,21.3188,0.2446,-33.9873,LOW
-1.4209,1.1201,-0.6195,0.0,0.3657,40.5086,-17.9229,-2.3141,-0.1926,15.3184,MEDIUM_HIGH
-1.4209,1.1201,-0.6195,1.1243,0.5379,28.6136,16.4514,-1.1898,-0.0204,3.4234,LOW
-1.4209,1.1201,-0.6195,23.6329,0.8029,-8.7971,25.5857,21.3188,0.2446,-33.9873,LOW
1.5132,1.3266,-0.3798,0.0,0.3657,40.5086,-17.9229,-2.3141,-0.1926,15.3184,MEDIUM_HIGH
1.5132,1.3266,-0.3798,1.1243,0.5379,28.6136,16.4514,-1.1898,-0.0204,3.4234,LOW
1.5132,1.3266,-0.3798,23.6329,0.8029,-8.7971,25.5857,21.3188,0.2446,-33.9873,LOW
-3.4925,1.6158,-0.8841,0.0,0.3657,40.5086,-17.9229,-2.3141,-0.1926,15.3184,MEDIUM_HIGH
-3.4925,1.6158,-0.8841,1.1243,0.5379,28.6136,16.4514,-1.1898,-0.0204,3.4234,LOW
-3.4925,1.6158,-0.8841,23.6329,0.8029,-8.7971,25.5857,21.3188,0.2446,-33.9873,LOW
4.5827,2.4309,-0.2271,0.0,0.3657,40.5086,-17.9229,-2.3141,-0.1926,15.3184,MEDIUM_HIGH
4.5827,2.4309,-0.2271,1.1243,0.5379,28.6136,16.4514,-1.1898,-0.0204,3.4234,LOW
4.5827,2.4309,-0.2271,23.6329,0.8029,-8.7971,25.5857,21.3188,0.2446,-33.9873,LOW
-0.2675,2.4174,-0.317,0.0,0.3657,40.5086,-17.9229,-2.3141,-0.1926,15.3184,MEDIUM_HIGH
-0.2675,2.4174,-0.317,1.1243,0.5379,28.6136,16.4514,-1.1898,-0.0204,3.4234,LOW
-0.2675,2.4174,-0.317,23.6329,0.8029,-8.7971,25.5857,21.3188,0.2446,-33.9873,LOW
1.0545,2.191,0.2084,0.0,0.3657,40.5086,-17.9229,-2.3141,-0.1926,15.3184,MEDIUM_HIGH
1.0545,2.191,0.2084,1.1243,0.5379,28.6136,16.4514,-1.1898,-0.0204,3.4234,LOW
1.0545,2.191,0.2084,23.6329,0.8029,-8.7971,25.5857,21.3188,0.2446,-33.9873,LOW
-0.4577,2.2008,0.1599,0.0,0.3657,40.5086,-17.9229,-2.3141,-0.1926,15.3184,MEDIUM_HIGH
-0.4577,2.2008,0.1599,1.1243,0.5379,28.6136,16.4514,-1.1898,-0.0204,3.4234,LOW
-0.4577,2.2008,0.1599,23.6329,0.8029,-8.7971,25.5857,21.3188,0.2446,-33.9873,LOW
-0.2299,2.2008,0.1602,0.0,0.3657,40.5086,-17.9229,-2.3141,-0.1926,15.3184,MEDIUM_HIGH
-0.2299,2.2008,0.1602,1.1243,0.5379,28.6136,16.4514,-1.1898,-0.0204,3.4234,LOW
-0.2299,2.2008,0.1602,23.6329,0.8029,-8.7971,25.5857,21.3188,0.2446,-33.9873,LOW
0.0922,2.1203,0.3494,0.0,0.3657,40.5086,-17.9229,-2.3141,-0.1926,15.3184,MEDIUM_HIGH
0.0922,2.1203,0.3494,1.1243,0.5379,28.6136,16.4514,-1.1898,-0.0204,3.4234,LOW
0.0922,2.1203,0.3494,23.6329,0.8029,-8.7971,25.5857,21.3188,0.2446,-33.9873,LOW
1.8877,2.1494,0.3962,0.0,0.3657,40.5086,-17.9229,-2.3141,-0.1926,15.3184,MEDIUM_HIGH
1.8877,2.1494,0.3962,1.1243,0.5379,28.6136,16.4514,-1.1898,-0.0204,3.4234,LOW
1.8877,2.1494,0.3962,23.6329,0.8029,-8.7971,25.5857,21.3188,0.2446,-33.9873,LOW
-2.3046,1.9025,0.5447,0.0,0.3657,40.5086,-17.9229,-2.3141,-0.1926,15.3184,MEDIUM_HIGH
-2.3046,1.9025,0.5447,1.1243,0.5379,28.6136,16.4514,-1.1898,-0.0204,3.4234,LOW
-2.3046,1.9025,0.5447,23.6329,0.8029,-8.7971,25.5857,21.3188,0.2446,-33.9873,LOW
1.7114,1.2739,0.1858,0.0,0.3657,40.5086,-17.9229,-2.3141,-0.1926,15.3184,MEDIUM_HIGH
1.7114,1.2739,0.1858,1.1243,0.5379,28.6136,16.4514,-1.1898,-0.0204,3.4234,LOW
1.7114,1.2739,0.1858,23.6329,0.8029,-8.7971,25.5857,21.3188,0.2446,-33.9873,LOW
1.3643,1.3149,0.3897,0.0,0.3657,40.5086,-17.9229,-2.3141,-0.1926,15.3184,MEDIUM_HIGH
1.3643,1.3149,0.3897,1.1243,0.5379,28.6136,16.4514,-1.1898,-0.0204,3.4234,LOW
1.3643,1.3149,0.3897,23.6329,0.8029,-8.7971,25.5857,21.3188,0.2446,-33.9873,LOW
0.4486,1.2917,0.314,0.0,0.3657,40.5086,-17.9229,-2.3141,-0.1926,15.3184,MEDIUM_HIGH
0.4486,1.2917,0.314,1.1243,0.5379,28.6136,16.4514,-1.1898,-0.0204,3.4234,LOW
0.4486,1.2917,0.314,23.6329,0.8029,-8.7971,25.5857,21.3188,0.2446,-33.9873,LOW
-2.9477,1.6814,0.0027,0.0,0.3657,40.5086,-17.9229,-2.3141,-0.1926,15.3184,MEDIUM_HIGH
-2.9477,1.6814,0.0027,1.1243,0.5379,28.6136,16.4514,-1.1898,-0.0204,3.4234,LOW
-2.9477,1.6814,0.0027,23.6329,0.8029,-8.7971,25.5857,21.3188,0.2446,-33.9873,LOW
2.393,1.8512,0.3306,0.0,0.3657,40.5086,-17.9229,-2.3141,-0.1926,15.3184,MEDIUM_HIGH
2.393,1.8512,0.3306,1.1243,0.5379,28.6136,16.4514,-1.1898,-0.0204,3.4234,LOW
2.393,1.8512,0.3306,23.6329,0.8029,-8.7971,25.5857,21.3188,0.2446,-33.9873,LOW
-3.5506,2.2573,-0.1247,0.0,0.3657,40.5086,-17.9229,-2.3141,-0.1926,15.3184,MEDIUM_HIGH
-3.5506,2.2573,-0.1247,1.1243,0.5379,28.6136,16.4514,-1.1898,-0.0204,3.4234,LOW
-3.5506,2.2573,-0.1247,23.6329,0.8029,-8.7971,25.5857,21.3188,0.2446,-33.9873,LOW
2.4436,2.3257,-0.0553,0.0,0.3657,40.5086,-17.9229,-2.3141,-0.1926,15.3184,MEDIUM_HIGH
2.4436,2.3257,-0.0553,1.1243,0.5379,28.6136,16.4514,-1.1898,-0.0204,3.4234,LOW
2.4436,2.3257,-0.0553,23.6329,0.8029,-8.7971,25.5857,21.3188,0.2446,-33.9873,LOW
-1.013,2.2057,0.1062,0.0,0.3657,40.5086,-17.9229,-2.3141,-0.1926,15.3184,MEDIUM_HIGH
-1.013,2.2057,0.1062,1.1243,0.5379,28.6136,16.4514,-1.1898,-0.0204,3.4234,LOW
-1.013,2.2057,0.1062,23.6329,0.8029,-8.7971,25.5857,21.3188,0.2446,-33.9873,LOW
-2.5352,2.2657,-0.4246,0.0,0.3657,40.5086,-17.9229,-2.3141,-0.1926,15.3184,MEDIUM_HIGH
-2.5352,2.2657,-0.4246,1.1243,0.5379,28.6136,16.4514,-1.1898,-0.0204,3.4234,LOW
-2.5352,2.2657,-0.4246,23.6329,0.8029,-8.7971,25.5857,21.3188,0.2446,-33.9873,LOW
-0.6601,2.1625,-0.6777,0.0,0.3657,40.5086,-17.9229,-2.3141,-0.1926,15.3184,MEDIUM_HIGH
-0.6601,2.1625,-0.6777,1.1243,0.5379,28.6136,16.4514,-1.1898,-0.0204,3.4234,LOW
-0.6601,2.1625,-0.6777,23.6329,0.8029,-8.7971,25.5857,21.3188,0.2446,-33.9873,LOW
5.2682,2.9281,-0.0752,0.0,0.3657,40.5086,-17.9229,-2.3141,-0.1926,15.3184,HIGH
5.2682,2.9281,-0.0752,1.1243,0.5379,28.6136,16.4514,-1.1898,-0.0204,3.4234,LOW_MEDIUM
5.2682,2.9281,-0.0752,23.6329,0.8029,-8.7971,25.5857,21.3188,0.2446,-33.9873,LOW_MEDIUM
0.9919,2.7281,0.4172,0.0,0.3657,40.5086,-17.9229,-2.3141,-0.1926,15.3184,MEDIUM_HIGH
0.9919,2.7281,0.4172,1.1243,0.5379,28.6136,16.4514,-1.1898,-0.0204,3.4234,LOW
0.9919,2.7281,0.4172,23.6329,0.8029,-8.7971,25.5857,21.3188,0.2446,-33.9873,LOW
-0.0446,2.6245,0.1125,0.0,0.3657,40.5086,-17.9229,-2.3141,-0.1926,15.3184,MEDIUM_HIGH
-0.0446,2.6245,0.1125,1.1243,0.5379,28.6136,16.4514,-1.1898,-0.0204,3.4234,LOW
-0.0446,2.6245,0.1125,23.6329,0.8029,-8.7971,25.5857,21.3188,0.2446,-33.9873,LOW
-2.0992,2.4061,0.294,0.0,0.3657,40.5086,-17.9229,-2.3141,-0.1926,15.3184,MEDIUM_HIGH
-2.0992,2.4061,0.294,1.1243,0.5379,28.6136,16.4514,-1.1898,-0.0204,3.4234,LOW
-2.0992,2.4061,0.294,23.6329,0.8029,-8.7971,25.5857,21.3188,0.2446,-33.9873,LOW
1.8248,2.3449,0.2166,0.0,0.3657,40.5086,-17.9229,-2.3141,-0.1926,15.3184,MEDIUM_HIGH
1.8248,2.3449,0.2166,1.1243,0.5379,28.6136,16.4514,-1.1898,-0.0204,3.4234,LOW
1.8248,2.3449,0.2166,23.6329,0.8029,-8.7971,25.5857,21.3188,0.2446,-33.9873,LOW
-1.6129,2.3922,0.1416,0.0,0.3657,40.5086,-17.9229,-2.3141,-0.1926,15.3184,MEDIUM_HIGH
-1.6129,2.3922,0.1416,1.1243,0.5379,28.6136,16.4514,-1.1898,-0.0204,3.4234,LOW
-1.6129,2.3922,0.1416,23.6329,0.8029,-8.7971,25.5857,21.3188,0.2446,-33.9873,LOW
-1.0018,2.2257,0.3333,0.0,0.3657,40.5086,-17.9229,-2.3141,-0.1926,15.3184,MEDIUM_HIGH
-1.0018,2.2257,0.3333,1.1243,0.5379,28.6136,16.4514,-1.1898,-0.0204,3.4234,LOW
-1.0018,2.2257,0.3333,23.6329,0.8029,-8.7971,25.5857,21.3188,0.2446,-33.9873,LOW
0.23,2.1953,0.4446,0.0,0.3657,40.5086,-17.9229,-2.3141,-0.1926,15.3184,MEDIUM_HIGH
0.23,2.1953,0.4446,1.1243,0.5379,28.6136,16.4514,-1.1898,-0.0204,3.4234,LOW
0.23,2.1953,0.4446,23.6329,0.8029,-8.7971,25.5857,21.3188,0.2446,-33.9873,LOW
-1.0785,1.2535,-0.3488,0.0,0.3657,40.5086,-17.9229,-2.3141,-0.1926,15.3184,MEDIUM_HIGH
-1.0785,1.2535,-0.3488,1.1243,0.5379,28.6136,16.4514,-1.1898,-0.0204,3.4234,LOW
-1.0785,1.2535,-0.3488,23.6329,0.8029,-8.7971,25.5857,21.3188,0.2446,-33.9873,LOW
1.248,1.2901,-0.3168,0.0,0.3657,40.5086,-17.9229,-2.3141,-0.1926,15.3184,MEDIUM_HIGH
1.248,1.2901,-0.3168,1.1243,0.5379,28.6136,16.4514,-1.1898,-0.0204,3.4234,LOW
1.248,1.2901,-0.3168,23.6329,0.8029,-8.7971,25.5857,21.3188,0.2446,-33.9873,LOW
1.9703,1.4985,-0.0649,0.0,0.3657,40.5086,-17.9229,-2.3141,-0.1926,15.3184,MEDIUM_HIGH
1.9703,1.4985,-0.0649,1.1243,0.5379,28.6136,16.4514,-1.1898,-0.0204,3.4234,LOW
1.9703,1.4985,-0.0649,23.6329,0.8029,-8.7971,25.5857,21.3188,0.2446,-33.9873,LOW
3.9813,1.788,0.6952,0.0,0.3657,40.5086,-17.9229,-2.3141,-0.1926,15.3184,MEDIUM_HIGH
3.9813,1.788,0.6952,1.1243,0.5379,28.6136,16.4514,-1.1898,-0.0204,3.4234,LOW
3.9813,1.788,0.6952,23.6329,0.8029,-8.7971,25.5857,21.3188,0.2446,-33.9873,LOW
0.0432,1.7438,0.4724,0.0,0.3657,40.5086,-17.9229,-2.3141,-0.1926,15.3184,MEDIUM_HIGH
0.0432,1.7438,0.4724,1.1243,0.5379,28.6136,16.4514,-1.1898,-0.0204,3.4234,LOW
0.0432,1.7438,0.4724,23.6329,0.8029,-8.7971,25.5857,21.3188,0.2446,-33.9873,LOW
0.9071,1.5562,0.7874,0.0,0.3657,40.5086,-17.9229,-2.3141,-0.1926,15.3184,MEDIUM_HIGH
0.9071,1.5562,0.7874,1.1243,0.5379,28.6136,16.4514,-1.1898,-0.0204,3.4234,LOW
0.9071,1.5562,0.7874,23.6329,0.8029,-8.7971,25.5857,21.3188,0.2446,-33.9873,LOW
0.0856,1.4369,0.9234,0.0,0.3657,40.5086,-17.9229,-2.3141,-0.1926,15.3184,MEDIUM_HIGH
0.0856,1.4369,0.9234,1.1243,0.5379,28.6136,16.4514,-1.1898,-0.0204,3.4234,LOW
0.0856,1.4369,0.9234,23.6329,0.8029,-8.7971,25.5857,21.3188,0.2446,-33.9873,LOW
0.941,1.4131,1.0123,0.0,0.3657,40.5086,-17.9229,-2.3141,-0.1926,15.3184,MEDIUM_HIGH
0.941,1.4131,1.0123,1.1243,0.5379,28.6136,16.4514,-1.1898,-0.0204,3.4234,LOW
0.941,1.4131,1.0123,23.6329,0.8029,-8.7971,25.5857,21.3188,0.2446,-33.9873,LOW
-2.4153,1.7003,0.8451,0.0,0.3657,40.5086,-17.9229,-2.3141,-0.1926,15.3184,MEDIUM_HIGH
-2.4153,1.7003,0.8451,1.1243,0.5379,28.6136,16.4514,-1.1898,-0.0204,3.4234,LOW
-2.4153,1.7003,0.8451,23.6329,0.8029,-8.7971,25.5857,21.3188,0.2446,-33.9873,LOW
-2.2145,1.963,0.4123,0.0,0.3657,40.5086,-17.9229,-2.3141,-0.1926,15.3184,MEDIUM_HIGH
-2.2145,1.963,0.4123,1.1243,0.5379,28.6136,16.4514,-1.1898,-0.0204,3.4234,LOW
-2.2145,1.963,0.4123,23.6329,0.8029,-8.7971,25.5857,21.3188,0.2446,-33.9873,LOW
-2.2647,2.041,-0.117,0.0,0.3657,40.5086,-17.9229,-2.3141,-0.1926,15.3184,MEDIUM_HIGH
-2.2647,2.041,-0.117,1.1243,0.5379,28.6136,16.4514,-1.1898,-0.0204,3.4234,LOW
-2.2647,2.041,-0.117,23.6329,0.8029,-8.7971,25.5857,21.3188,0.2446,-33.9873,LOW
1.4993,1.5154,-0.4273,0.0,0.3657,40.5086,-17.9229,-2.3141,-0.1926,15.3184,MEDIUM_HIGH
1.4993,1.5154,-0.4273,1.1243,0.5379,28.6136,16.4514,-1.1898,-0.0204,3.4234,LOW
1.4993,1.5154,-0.4273,23.6329,0.8029,-8.7971,25.5857,21.3188,0.2446,-33.9873,LOW
-2.3277,1.6225,-0.7237,0.0,0.3657,40.5086,-17.9229,-2.3141,-0.1926,15.3184,MEDIUM_HIGH
-2.3277,1.6225,-0.7237,1.1243,0.5379,28.6136,16.4514,-1.1898,-0.0204,3.4234,LOW
-2.3277,1.6225,-0.7237,23.6329,0.8029,-8.7971,25.5857,21.3188,0.2446,-33.9873,LOW
1.4207,1.6943,-0.6594,0.0,0.3657,40.5086,-17.9229,-2.3141,-0.1926,15.3184,MEDIUM_HIGH
1.4207,1.6943,-0.6594,1.1243,0.5379,28.6136,16.4514,-1.1898,-0.0204,3.4234,LOW
1.4207,1.6943,-0.6594,23.6329,0.8029,-8.7971,25.5857,21.3188,0.2446,-33.9873,LOW
-0.6778,1.671,-0.7549,0.0,0.3657,40.5086,-17.9229,-2.3141,-0.1926,15.3184,MEDIUM_HIGH
-0.6778,1.671,-0.7549,1.1243,0.5379,28.6136,16.4514,-1.1898,-0.0204,3.4234,LOW
-0.6778,1.671,-0.7549,23.6329,0.8029,-8.7971,25.5857,21.3188,0.2446,-33.9873,LOW
1.3194,1.7229,-0.7076,0.0,0.3657,40.5086,-17.9229,-2.3141,-0.1926,15.3184,MEDIUM_HIGH
1.3194,1.7229,-0.7076,1.1243,0.5379,28.6136,16.4514,-1.1898,-0.0204,3.4234,LOW
1.3194,1.7229,-0.7076,23.6329,0.8029,-8.7971,25.5857,21.3188,0.2446,-33.9873,LOW
-0.1347,1.6011,-0.4225,0.0,0.3657,40.5086,-17.9229,-2.3141,-0.1926,15.3184,MEDIUM_HIGH
-0.1347,1.6011,-0.4225,1.1243,0.5379,28.6136,16.4514,-1.1898,-0.0204,3.4234,LOW
-0.1347,1.6011,-0.4225,23.6329,0.8029,-8.7971,25.5857,21.3188,0.2446,-33.9873,LOW
3.4622,1.8828,0.2871,0.0,0.3657,40.5086,-17.9229,-2.3141,-0.1926,15.3184,MEDIUM_HIGH
3.4622,1.8828,0.2871,1.1243,0.5379,28.6136,16.4514,-1.1898,-0.0204,3.4234,LOW
3.4622,1.8828,0.2871,23.6329,0.8029,-8.7971,25.5857,21.3188,0.2446,-33.9873,LOW
1.8688,1.6663,0.8038,0.0,0.3657,40.5086,-17.9229,-2.3141,-0.1926,15.3184,MEDIUM_HIGH
1.8688,1.6663,0.8038,1.1243,0.5379,28.6136,16.4514,-1.1898,-0.0204,3.4234,LOW
1.8688,1.6663,0.8038,23.6329,0.8029,-8.7971,25.5857,21.3188,0.2446,-33.9873,LOW
0.2133,1.6535,0.643,0.0,0.3657,40.5086,-17.9229,-2.3141,-0.1926,15.3184,MEDIUM_HIGH
0.2133,1.6535,0.643,1.1243,0.5379,28.6136,16.4514,-1.1898,-0.0204,3.4234,LOW
0.2133,1.6535,0.643,23.6329,0.8029,-8.7971,25.5857,21.3188,0.2446,-33.9873,LOW
1.4049,1.2189,1.1096,0.0,0.3657,40.5086,-17.9229,-2.3141,-0.1926,15.3184,MEDIUM_HIGH
1.4049,1.2189,1.1096,1.1243,0.5379,28.6136,16.4514,-1.1898,-0.0204,3.4234,LOW
1.4049,1.2189,1.1096,23.6329,0.8029,-8.7971,25.5857,21.3188,0.2446,-33.9873,LOW
2.4769,1.2999,1.2416,0.0,0.3657,40.5086,-17.9229,-2.3141,-0.1926,15.3184,MEDIUM_HIGH
2.4769,1.2999,1.2416,1.1243,0.5379,28.6136,16.4514,-1.1898,-0.0204,3.4234,LOW
2.4769,1.2999,1.2416,23.6329,0.8029,-8.7971,25.5857,21.3188,0.2446,-33.9873,LOW
1.4338,1.079,1.5056,0.0,0.3657,40.5086,-17.9229,-2.3141,-0.1926,15.3184,MEDIUM_HIGH
1.4338,1.079,1.5056,1.1243,0.5379,28.6136,16.4514,-1.1898,-0.0204,3.4234,LOW
1.4338,1.079,1.5056,23.6329,0.8029,-8.7971,25.5857,21.3188,0.2446,-33.9873,LOW
-2.7464,1.7781,0.9974,0.0,0.3657,40.5086,-17.9229,-2.3141,-0.1926,15.3184,MEDIUM_HIGH
-2.7464,1.7781,0.9974,1.1243,0.5379,28.6136,16.4514,-1.1898,-0.0204,3.4234,LOW
-2.7464,1.7781,0.9974,23.6329,0.8029,-8.7971,25.5857,21.3188,0.2446,-33.9873,LOW
0.4568,1.7414,1.0713,0.0,0.3657,40.5086,-17.9229,-2.3141,-0.1926,15.3184,MEDIUM_HIGH
0.4568,1.7414,1.0713,1.1243,0.5379,28.6136,16.4514,-1.1898,-0.0204,3.4234,LOW
0.4568,1.7414,1.0713,23.6329,0.8029,-8.7971,25.5857,21.3188,0.2446,-33.9873,LOW
0.6614,1.4887,0.7212,0.0,0.3657,40.5086,-17.9229,-2.3141,-0.1926,15.3184,MEDIUM_HIGH
0.6614,1.4887,0.7212,1.1243,0.5379,28.6136,16.4514,-1.1898,-0.0204,3.4234,LOW
0.6614,1.4887,0.7212,23.6329,0.8029,-8.7971,25.5857,21.3188,0.2446,-33.9873,LOW
0.616,1.4243,0.5646,0.0,0.3657,40.5086,-17.9229,-2.3141,-0.1926,15.3184,MEDIUM_HIGH
0.616,1.4243,0.5646,1.1243,0.5379,28.6136,16.4514,-1.1898,-0.0204,3.4234,LOW
0.616,1.4243,0.5646,23.6329,0.8029,-8.7971,25.5857,21.3188,0.2446,-33.9873,LOW
0.0816,1.429,0.5481,0.0,0.3657,40.5086,-17.9229,-2.3141,-0.1926,15.3184,MEDIUM_HIGH
0.0816,1.429,0.5481,1.1243,0.5379,28.6136,16.4514,-1.1898,-0.0204,3.4234,LOW
0.0816,1.429,0.5481,23.6329,0.8029,-8.7971,25.5857,21.3188,0.2446,-33.9873,LOW
-0.2039,1.4073,0.347,0.0,0.3657,40.5086,-17.9229,-2.3141,-0.1926,15.3184,MEDIUM_HIGH
-0.2039,1.4073,0.347,1.1243,0.5379,28.6136,16.4514,-1.1898,-0.0204,3.4234,LOW
-0.2039,1.4073,0.347,23.6329,0.8029,-8.7971,25.5857,21.3188,0.2446,-33.9873,LOW
1.9616,1.3173,0.2826,0.0,0.3657,40.5086,-17.9229,-2.3141,-0.1926,15.3184,MEDIUM_HIGH
1.9616,1.3173,0.2826,1.1243,0.5379,28.6136,16.4514,-1.1898,-0.0204,3.4234,LOW
1.9616,1.3173,0.2826,23.6329,0.8029,-8.7971,25.5857,21.3188,0.2446,-33.9873,LOW
0.2004,1.2436,0.1284,0.0,0.3657,40.5086,-17.9229,-2.3141,-0.1926,15.3184,MEDIUM_HIGH
0.2004,1.2436,0.1284,1.1243,0.5379,28.6136,16.4514,-1.1898,-0.0204,3.4234,LOW
0.2004,1.2436,0.1284,23.6329,0.8029,-8.7971,25.5857,21.3188,0.2446,-33.9873,LOW
-1.2,0.8347,0.3217,0.0,0.3657,40.5086,-17.9229,-2.3141,-0.1926,15.3184,MEDIUM_HIGH
-1.2,0.8347,0.3217,1.1243,0.5379,28.6136,16.4514,-1.1898,-0.0204,3.4234,LOW
-1.2,0.8347,0.3217,23.6329,0.8029,-8.7971,25.5857,21.3188,0.2446,-33.9873,LOW
1.9028,0.987,0.5025,0.0,0.3657,40.5086,-17.9229,-2.3141,-0.1926,15.3184,MEDIUM_HIGH
1.9028,0.987,0.5025,1.1243,0.5379,28.6136,16.4514,-1.1898,-0.0204,3.4234,LOW
1.9028,0.987,0.5025,23.6329,0.8029,-8.7971,25.5857,21.3188,0.2446,-33.9873,LOW
-3.1057,0.0,-3.1057,0.0,0.3657,40.5086,-17.9229,-2.3141,-0.1926,15.3184,MEDIUM_HIGH
-3.1057,0.0,-3.1057,1.1243,0.5379,28.6136,16.4514,-1.1898,-0.0204,3.4234,LOW
-3.1057,0.0,-3.1057,23.6329,0.8029,-8.7971,25.5857,21.3188,0.2446,-33.9873,LOW
-1.7281,0.6888,-2.4169,0.0,0.3657,40.5086,-17.9229,-2.3141,-0.1926,15.3184,MEDIUM_HIGH
-1.7281,0.6888,-2.4169,1.1243,0.5379,28.6136,16.4514,-1.1898,-0.0204,3.4234,LOW
-1.7281,0.6888,-2.4169,23.6329,0.8029,-8.7971,25.5857,21.3188,0.2446,-33.9873,LOW
7.0329,4.49,0.733,0.0,0.3657,40.5086,-17.9229,-2.3141,-0.1926,15.3184,HIGH
7.0329,4.49,0.733,1.1243,0.5379,28.6136,16.4514,-1.1898,-0.0204,3.4234,MEDIUM
7.0329,4.49,0.733,23.6329,0.8029,-8.7971,25.5857,21.3188,0.2446,-33.9873,MEDIUM
18.9602,8.7985,5.2898,0.0,0.3657,40.5086,-17.9229,-2.3141,-0.1926,15.3184,HIGH
18.9602,8.7985,5.2898,1.1243,0.5379,28.6136,16.4514,-1.1898,-0.0204,3.4234,MEDIUM
18.9602,8.7985,5.2898,23.6329,0.8029,-8.7971,25.5857,21.3188,0.2446,-33.9873,MEDIUM
-6.286,9.1308,2.9747,0.0,0.3657,40.5086,-17.9229,-2.3141,-0.1926,15.3184,MEDIUM_HIGH
-6.286,9.1308,2.9747,1.1243,0.5379,28.6136,16.4514,-1.1898,-0.0204,3.4234,LOW
-6.286,9.1308,2.9747,23.6329,0.8029,-8.7971,25.5857,21.3188,0.2446,-33.9873,LOW
-1.6472,8.5113,2.2044,0.0,0.3657,40.5086,-17.9229,-2.3141,-0.1926,15.3184,MEDIUM_HIGH
-1.6472,8.5113,2.2044,1.1243,0.5379,28.6136,16.4514,-1.1898,-0.0204,3.4234,LOW
-1.6472,8.5113,2.2044,23.6329,0.8029,-8.7971,25.5857,21.3188,0.2446,-33.9873,LOW
3.2688,7.8887,2.3564,0.0,0.3657,40.5086,-17.9229,-2.3141,-0.1926,15.3184,HIGH
3.2688,7.8887,2.3564,1.1243,0.5379,28.6136,16.4514,-1.1898,-0.0204,3.4234,LOW_MEDIUM
3.2688,7.8887,2.3564,23.6329,0.8029,-8.7971,25.5857,21.3188,0.2446,-33.9873,LOW_MEDIUM
-3.1262,7.5987,1.6711,0.0,0.3657,40.5086,-17.9229,-2.3141,-0.1926,15.3184,MEDIUM_HIGH
-3.1262,7.5987,1.6711,1.1243,0.5379,28.6136,16.4514,-1.1898,-0.0204,3.4234,LOW
-3.1262,7.5987,1.6711,23.6329,0.8029,-8.7971,25.5857,21.3188,0.2446,-33.9873,LOW
6.3735,7.4999,2.856,0.0,0.3657,40.5086,-17.9229,-2.3141,-0.1926,15.3184,HIGH
6.3735,7.4999,2.856,1.1243,0.5379,28.6136,16.4514,-1.1898,-0.0204,3.4234,MEDIUM
6.3735,7.4999,2.856,23.6329,0.8029,-8.7971,25.5857,21.3188,0.2446,-33.9873,MEDIUM
1.479,7.3279,3.2569,0.0,0.3657,40.5086,-17.9229,-2.3141,-0.1926,15.3184,HIGH
1.479,7.3279,3.2569,1.1243,0.5379,28.6136,16.4514,-1.1898,-0.0204,3.4234,LOW_MEDIUM
1.479,7.3279,3.2569,23.6329,0.8029,-8.7971,25.5857,21.3188,0.2446,-33.9873,LOW_MEDIUM
-3.6061,7.4857,1.927,0.0,0.3657,40.5086,-17.9229,-2.3141,-0.1926,15.3184,MEDIUM_HIGH
-3.6061,7.4857,1.927,1.1243,0.5379,28.6136,16.4514,-1.1898,-0.0204,3.4234,LOW
-3.6061,7.4857,1.927,23.6329,0.8029,-8.7971,25.5857,21.3188,0.2446,-33.9873,LOW
-0.4652,3.8194,-0.5012,0.0,0.3657,40.5086,-17.9229,-2.3141,-0.1926,15.3184,MEDIUM_HIGH
-0.4652,3.8194,-0.5012,1.1243,0.5379,28.6136,16.4514,-1.1898,-0.0204,3.4234,LOW
-0.4652,3.8194,-0.5012,23.6329,0.8029,-8.7971,25.5857,21.3188,0.2446,-33.9873,LOW
4.3622,3.4044,0.8298,0.0,0.3657,40.5086,-17.9229,-2.3141,-0.1926,15.3184,MEDIUM_HIGH
4.3622,3.4044,0.8298,1.1243,0.5379,28.6136,16.4514,-1.1898,-0.0204,3.4234,LOW
4.3622,3.4044,0.8298,23.6329,0.8029,-8.7971,25.5857,21.3188,0.2446,-33.9873,LOW
5.279,3.5423,1.6956,0.0,0.3657,40.5086,-17.9229,-2.3141,-0.1926,15.3184,HIGH
5.279,3.5423,1.6956,1.1243,0.5379,28.6136,16.4514,-1.1898,-0.0204,3.4234,LOW_MEDIUM
5.279,3.5423,1.6956,23.6329,0.8029,-8.7971,25.5857,21.3188,0.2446,-33.9873,LOW_MEDIUM
-1.7707,3.6529,1.0657,0.0,0.3657,40.5086,-17.9229,-2.3141,-0.1926,15.3184,MEDIUM_HIGH
-1.7707,3.6529,1.0657,1.1243,0.5379,28.6136,16.4514,-1.1898,-0.0204,3.4234,LOW
-1.7707,3.6529,1.0657,23.6329,0.8029,-8.7971,25.5857,21.3188,0.2446,-33.9873,LOW
1.0826,3.297,1.5918,0.0,0.3657,40.5086,-17.9229,-2.3141,-0.1926,15.3184,MEDIUM_HIGH
1.0826,3.297,1.5918,1.1243,0.5379,28.6136,16.4514,-1.1898,-0.0204,3.4234,LOW
1.0826,3.297,1.5918,23.6329,0.8029,-8.7971,25.5857,21.3188,0.2446,-33.9873,LOW
-1.3567,2.8575,0.6255,0.0,0.3657,40.5086,-17.9229,-2.3141,-0.1926,15.3184,MEDIUM_HIGH
-1.3567,2.8575,0.6255,1.1243,0.5379,28.6136,16.4514,-1.1898,-0.0204,3.4234,LOW
-1.3567,2.8575,0.6255,23.6329,0.8029,-8.7971,25.5857,21.3188,0.2446,-33.9873,LOW
1.4839,2.8577,0.6261,0.0,0.3657,40.5086,-17.9229,-2.3141,-0.1926,15.3184,MEDIUM_HIGH
1.4839,2.8577,0.6261,1.1243,0.5379,28.6136,16.4514,-1.1898,-0.0204,3.4234,LOW
1.4839,2.8577,0.6261,23.6329,0.8029,-8.7971,25.5857,21.3188,0.2446,-33.9873,LOW
0.3923,2.3842,1.1259,0.0,0.3657,40.5086,-17.9229,-2.3141,-0.1926,15.3184,MEDIUM_HIGH
0.3923,2.3842,1.1259,1.1243,0.5379,28.6136,16.4514,-1.1898,-0.0204,3.4234,LOW
0.3923,2.3842,1.1259,23.6329,0.8029,-8.7971,25.5857,21.3188,0.2446,-33.9873,LOW
7.3712,3.0469,2.1055,0.0,0.3657,40.5086,-17.9229,-2.3141,-0.1926,15.3184,HIGH
7.3712,3.0469,2.1055,1.1243,0.5379,28.6136,16.4514,-1.1898,-0.0204,3.4234,LOW_MEDIUM
7.3712,3.0469,2.1055,23.6329,0.8029,-8.7971,25.5857,21.3188,0.2446,-33.9873,LOW_MEDIUM
4.4334,3.0536,2.1144,0.0,0.3657,40.5086,-17.9229,-2.3141,-0.1926,15.3184,MEDIUM_HIGH
4.4334,3.0536,2.1144,1.1243,0.5379,28.6136,16.4514,-1.1898,-0.0204,3.4234,LOW
4.4334,3.0536,2.1144,23.6329,0.8029,-8.7971,25.5857,21.3188,0.2446,-33.9873,LOW
3.6776,2.8876,1.9142,0.0,0.3657,40.5086,-17.9229,-2.3141,-0.1926,15.3184,MEDIUM_HIGH
3.6776,2.8876,1.9142,1.1243,0.5379,28.6136,16.4514,-1.1898,-0.0204,3.4234,LOW
3.6776,2.8876,1.9142,23.6329,0.8029,-8.7971,25.5857,21.3188,0.2446,-33.9873,LOW
1.2197,2.5615,2.288,0.0,0.3657,40.5086,-17.9229,-2.3141,-0.1926,15.3184,MEDIUM_HIGH
1.2197,2.5615,2.288,1.1243,0.5379,28.6136,16.4514,-1.1898,-0.0204,3.4234,LOW
1.2197,2.5615,2.288,23.6329,0.8029,-8.7971,25.5857,21.3188,0.2446,-33.9873,LOW
-4.6642,3.4504,1.5697,0.0,0.3657,40.5086,-17.9229,-2.3141,-0.1926,15.3184,MEDIUM_HIGH
-4.6642,3.4504,1.5697,1.1243,0.5379,28.6136,16.4514,-1.1898,-0.0204,3.4234,LOW
-4.6642,3.4504,1.5697,23.6329,0.8029,-8.7971,25.5857,21.3188,0.2446,-33.9873,LOW
0.7758,3.2928,1.8362,0.0,0.3657,40.5086,-17.9229,-2.3141,-0.1926,15.3184,MEDIUM_HIGH
0.7758,3.2928,1.8362,1.1243,0.5379,28.6136,16.4514,-1.1898,-0.0204,3.4234,LOW
0.7758,3.2928,1.8362,23.6329,0.8029,-8.7971,25.5857,21.3188,0.2446,-33.9873,LOW
-1.4768,3.4731,1.4661,0.0,0.3657,40.5086,-17.9229,-2.3141,-0.1926,15.3184,MEDIUM_HIGH
-1.4768,3.4731,1.4661,1.1243,0.5379,28.6136,16.4514,-1.1898,-0.0204,3.4234,LOW
-1.4768,3.4731,1.4661,23.6329,0.8029,-8.7971,25.5857,21.3188,0.2446,-33.9873,LOW
-2.376,3.6937,1.1201,0.0,0.3657,40.5086,-17.9229,-2.3141,-0.1926,15.3184,MEDIUM_HIGH
-2.376,3.6937,1.1201,1.1243,0.5379,28.6136,16.4514,-1.1898,-0.0204,3.4234,LOW
-2.376,3.6937,1.1201,23.6329,0.8029,-8.7971,25.5857,21.3188,0.2446,-33.9873,LOW
5.9458,3.4115,0.9419,0.0,0.3657,40.5086,-17.9229,-2.3141,-0.1926,15.3184,HIGH
5.9458,3.4115,0.9419,1.1243,0.5379,28.6136,16.4514,-1.1898,-0.0204,3.4234,LOW_MEDIUM
5.9458,3.4115,0.9419,23.6329,0.8029,-8.7971,25.5857,21.3188,0.2446,-33.9873,LOW_MEDIUM
0.7709,3.1478,0.4841,0.0,0.3657,40.5086,-17.9229,-2.3141,-0.1926,15.3184,MEDIUM_HIGH
0.7709,3.1478,0.4841,1.1243,0.5379,28.6136,16.4514,-1.1898,-0.0204,3.4234,LOW
0.7709,3.1478,0.4841,23.6329,0.8029,-8.7971,25.5857,21.3188,0.2446,-33.9873,LOW
-1.1016,2.931,-0.1133,0.0,0.3657,40.5086,-17.9229,-2.3141,-0.1926,15.3184,MEDIUM_HIGH
-1.1016,2.931,-0.1133,1.1243,0.5379,28.6136,16.4514,-1.1898,-0.0204,3.4234,LOW
-1.1016,2.931,-0.1133,23.6329,0.8029,-8.7971,25.5857,21.3188,0.2446,-33.9873,LOW
-0.3249,2.8874,-0.3064,0.0,0.3657,40.5086,-17.9229,-2.3141,-0.1926,15.3184,MEDIUM_HIGH
-0.3249,2.8874,-0.3064,1.1243,0.5379,28.6136,16.4514,-1.1898,-0.0204,3.4234,LOW
-0.3249,2.8874,-0.3064,23.6329,0.8029,-8.7971,25.5857,21.3188,0.2446,-33.9873,LOW
2.4212,2.4716,0.5793,0.0,0.3657,40.5086,-17.9229,-2.3141,-0.1926,15.3184,MEDIUM_HIGH
2.4212,2.4716,0.5793,1.1243,0.5379,28.6136,16.4514,-1.1898,-0.0204,3.4234,LOW
2.4212,2.4716,0.5793,23.6329,0.8029,-8.7971,25.5857,21.3188,0.2446,-33.9873,LOW
4.1194,2.7379,0.9972,0.0,0.3657,40.5086,-17.9229,-2.3141,-0.1926,15.3184,MEDIUM_HIGH
4.1194,2.7379,0.9972,1.1243,0.5379,28.6136,16.4514,-1.1898,-0.0204,3.4234,LOW
4.1194,2.7379,0.9972,23.6329,0.8029,-8.7971,25.5857,21.3188,0.2446,-33.9873,LOW
-2.9813,2.9452,0.8092,0.0,0.3657,40.5086,-17.9229,-2.3141,-0.1926,15.3184,MEDIUM_HIGH
-2.9813,2.9452,0.8092,1.1243,0.5379,28.6136,16.4514,-1.1898,-0.0204,3.4234,LOW
-2.9813,2.9452,0.8092,23.6329,0.8029,-8.7971,25.5857,21.3188,0.2446,-33.9873,LOW
-2.8953,3.0195,0.7443,0.0,0.3657,40.5086,-17.9229,-2.3141,-0.1926,15.3184,MEDIUM_HIGH
-2.8953,3.0195,0.7443,1.1243,0.5379,28.6136,16.4514,-1.1898,-0.0204,3.4234,LOW
-2.8953,3.0195,0.7443,23.6329,0.8029,-8.7971,25.5857,21.3188,0.2446,-33.9873,LOW
-6.1332,3.0607,-0.7656,0.0,0.3657,40.5086,-17.9229,-2.3141,-0.1926,15.3184,MEDIUM_HIGH
-6.1332,3.0607,-0.7656,1.1243,0.5379,28.6136,16.4514,-1.1898,-0.0204,3.4234,LOW
-6.1332,3.0607,-0.7656,23.6329,0.8029,-8.7971,25.5857,21.3188,0.2446,-33.9873,LOW
-0.6912,3.0067,-0.9484,0.0,0.3657,40.5086,-17.9229,-2.3141,-0.1926,15.3184,MEDIUM_HIGH
-0.6912,3.0067,-0.9484,1.1243,0.5379,28.6136,16.4514,-1.1898,-0.0204,3.4234,LOW
-0.6912,3.0067,-0.9484,23.6329,0.8029,-8.7971,25.5857,21.3188,0.2446,-33.9873,LOW
-1.0772,3.0065,-0.9453,0.0,0.3657,40.5086,-17.9229,-2.3141,-0.1926,15.3184,MEDIUM_HIGH
-1.0772,3.0065,-0.9453,1.1243,0.5379,28.6136,16.4514,-1.1898,-0.0204,3.4234,LOW
-1.0772,3.0065,-0.9453,23.6329,0.8029,-8.7971,25.5857,21.3188,0.2446,-33.9873,LOW
1.1727,3.0849,-0.7581,0.0,0.3657,40.5086,-17.9229,-2.3141,-0.1926,15.3184,MEDIUM_HIGH
1.1727,3.0849,-0.7581,1.1243,0.5379,28.6136,16.4514,-1.1898,-0.0204,3.4234,LOW
1.1727,3.0849,-0.7581,23.6329,0.8029,-8.7971,25.5857,21.3188,0.2446,-33.9873,LOW
2.6163,3.1106,-0.7337,0.0,0.3657,40.5086,-17.9229,-2.3141,-0.1926,15.3184,MEDIUM_HIGH
2.6163,3.1106,-0.7337,1.1243,0.5379,28.6136,16.4514,-1.1898,-0.0204,3.4234,LOW
2.6163,3.1106,-0.7337,23.6329,0.8029,-8.7971,25.5857,21.3188,0.2446,-33.9873,LOW
2.0978,2.7695,-0.9864,0.0,0.3657,40.5086,-17.9229,-2.3141,-0.1926,15.3184,MEDIUM_HIGH
2.0978,2.7695,-0.9864,1.1243,0.5379,28.6136,16.4514,-1.1898,-0.0204,3.4234,LOW
2.0978,2.7695,-0.9864,23.6329,0.8029,-8.7971,25.5857,21.3188,0.2446,-33.9873,LOW
-4.2832,2.9163,-1.1492,0.0,0.3657,40.5086,-17.9229,-2.3141,-0.1926,15.3184,MEDIUM_HIGH
-4.2832,2.9163,-1.1492,1.1243,0.5379,28.6136,16.4514,-1.1898,-0.0204,3.4234,LOW
-4.2832,2.9163,-1.1492,23.6329,0.8029,-8.7971,25.5857,21.3188,0.2446,-33.9873,LOW
1.5192,2.9512,-0.5974,0.0,0.3657,40.5086,-17.9229,-2.3141,-0.1926,15.3184,MEDIUM_HIGH
1.5192,2.9512,-0.5974,1.1243,0.5379,28.6136,16.4514,-1.1898,-0.0204,3.4234,LOW
1.5192,2.9512,-0.5974,23.6329,0.8029,-8.7971,25.5857,21.3188,0.2446,-33.9873,LOW
-2.0695,2.2117,-0.0894,0.0,0.3657,40.5086,-17.9229,-2.3141,-0.1926,15.3184,MEDIUM_HIGH
-2.0695,2.2117,-0.0894,1.1243,0.5379,28.6136,16.4514,-1.1898,-0.0204,3.4234,LOW
-2.0695,2.2117,-0.0894,23.6329,0.8029,-8.7971,25.5857,21.3188,0.2446,-33.9873,LOW
-5.1284,2.7771,-0.644,0.0,0.3657,40.5086,-17.9229,-2.3141,-0.1926,15.3184,MEDIUM_HIGH
-5.1284,2.7771,-0.644,1.1243,0.5379,28.6136,16.4514,-1.1898,-0.0204,3.4234,LOW
-5.1284,2.7771,-0.644,23.6329,0.8029,-8.7971,25.5857,21.3188,0.2446,-33.9873,LOW
2.416,2.9443,-0.2074,0.0,0.3657,40.5086,-17.9229,-2.3141,-0.1926,15.3184,MEDIUM_HIGH
2.416,2.9443,-0.2074,1.1243,0.5379,28.6136,16.4514,-1.1898,-0.0204,3.4234,LOW
2.416,2.9443,-0.2074,23.6329,0.8029,-8.7971,25.5857,21.3188,0.2446,-33.9873,LOW
0.3077,2.9073,-0.3155,0.0,0.3657,40.5086,-17.9229,-2.3141,-0.1926,15.3184,MEDIUM_HIGH
0.3077,2.9073,-0.3155,1.1243,0.5379,28.6136,16.4514,-1.1898,-0.0204,3.4234,LOW
0.3077,2.9073,-0.3155,23.6329,0.8029,-8.7971,25.5857,21.3188,0.2446,-33.9873,LOW
6.4928,3.5968,0.169,0.0,0.3657,40.5086,-17.9229,-2.3141,-0.1926,15.3184,HIGH
6.4928,3.5968,0.169,1.1243,0.5379,28.6136,16.4514,-1.1898,-0.0204,3.4234,LOW_MEDIUM
6.4928,3.5968,0.169,23.6329,0.8029,-8.7971,25.5857,21.3188,0.2446,-33.9873,LOW_MEDIUM
1.3234,3.5538,0.0722,0.0,0.3657,40.5086,-17.9229,-2.3141,-0.1926,15.3184,MEDIUM_HIGH
1.3234,3.5538,0.0722,1.1243,0.5379,28.6136,16.4514,-1.1898,-0.0204,3.4234,LOW
1.3234,3.5538,0.0722,23.6329,0.8029,-8.7971,25.5857,21.3188,0.2446,-33.9873,LOW
-2.0802,3.2805,0.3476,0.0,0.3657,40.5086,-17.9229,-2.3141,-0.1926,15.3184,MEDIUM_HIGH
-2.0802,3.2805,0.3476,1.1243,0.5379,28.6136,16.4514,-1.1898,-0.0204,3.4234,LOW
-2.0802,3.2805,0.3476,23.6329,0.8029,-8.7971,25.5857,21.3188,0.2446,-33.9873,LOW
-0.7095,3.2637,0.069,0.0,0.3657,40.5086,-17.9229,-2.3141,-0.1926,15.3184,MEDIUM_HIGH
-0.7095,3.2637,0.069,1.1243,0.5379,28.6136,16.4514,-1.1898,-0.0204,3.4234,LOW
-0.7095,3.2637,0.069,23.6329,0.8029,-8.7971,25.5857,21.3188,0.2446,-33.9873,LOW
-1.3808,3.2149,0.1551,0.0,0.3657,40.5086,-17.9229,-2.3141,-0.1926,15.3184,MEDIUM_HIGH
-1.3808,3.2149,0.1551,1.1243,0.5379,28.6136,16.4514,-1.1898,-0.0204,3.4234,LOW
-1.3808,3.2149,0.1551,23.6329,0.8029,-8.7971,25.5857,21.3188,0.2446,-33.9873,LOW
0.8522,2.5195,0.9027,0.0,0.3657,40.5086,-17.9229,-2.3141,-0.1926,15.3184,MEDIUM_HIGH
0.8522,2.5195,0.9027,1.1243,0.5379,28.6136,16.4514,-1.1898,-0.0204,3.4234,LOW
0.8522,2.5195,0.9027,23.6329,0.8029,-8.7971,25.5857,21.3188,0.2446,-33.9873,LOW
-1.041,2.5194,0.4706,0.0,0.3657,40.5086,-17.9229,-2.3141,-0.1926,15.3184,MEDIUM_HIGH
-1.041,2.5194,0.4706,1.1243,0.5379,28.6136,16.4514,-1.1898,-0.0204,3.4234,LOW
-1.041,2.5194,0.4706,23.6329,0.8029,-8.7971,25.5857,21.3188,0.2446,-33.9873,LOW
-10.1941,4.3402,-0.8422,0.0,0.3657,40.5086,-17.9229,-2.3141,-0.1926,15.3184,MEDIUM_HIGH
-10.1941,4.3402,-0.8422,1.1243,0.5379,28.6136,16.4514,-1.1898,-0.0204,3.4234,LOW
-10.1941,4.3402,-0.8422,23.6329,0.8029,-8.7971,25.5857,21.3188,0.2446,-33.9873,LOW
2.4538,3.6353,-1.347,0.0,0.3657,40.5086,-17.9229,-2.3141,-0.1926,15.3184,MEDIUM_HIGH
2.4538,3.6353,-1.347,1.1243,0.5379,28.6136,16.4514,-1.1898,-0.0204,3.4234,LOW
2.4538,3.6353,-1.347,23.6329,0.8029,-8.7971,25.5857,21.3188,0.2446,-33.9873,LOW
6.2938,4.3859,-0.7257,0.0,0.3657,40.5086,-17.9229,-2.3141,-0.1926,15.3184,HIGH
6.2938,4.3859,-0.7257,1.1243,0.5379,28.6136,16.4514,-1.1898,-0.0204,3.4234,MEDIUM
6.2938,4.3859,-0.7257,23.6329,0.8029,-8.7971,25.5857,21.3188,0.2446,-33.9873,MEDIUM
-4.0625,4.5096,-0.9735,0.0,0.3657,40.5086,-17.9229,-2.3141,-0.1926,15.3184,MEDIUM_HIGH
-4.0625,4.5096,-0.9735,1.1243,0.5379,28.6136,16.4514,-1.1898,-0.0204,3.4234,LOW
-4.0625,4.5096,-0.9735,23.6329,0.8029,-8.7971,25.5857,21.3188,0.2446,-33.9873,LOW
8.8756,5.5694,0.2246,0.0,0.3657,40.5086,-17.9229,-2.3141,-0.1926,15.3184,HIGH
8.8756,5.5694,0.2246,1.1243,0.5379,28.6136,16.4514,-1.1898,-0.0204,3.4234,MEDIUM
8.8756,5.5694,0.2246,23.6329,0.8029,-8.7971,25.5857,21.3188,0.2446,-33.9873,MEDIUM
-4.0161,5.7302,-0.1048,0.0,0.3657,40.5086,-17.9229,-2.3141,-0.1926,15.3184,MEDIUM_HIGH
-4.0161,5.7302,-0.1048,1.1243,0.5379,28.6136,16.4514,-1.1898,-0.0204,3.4234,LOW
-4.0161,5.7302,-0.1048,23.6329,0.8029,-8.7971,25.5857,21.3188,0.2446,-33.9873,LOW
11.7825,6.9655,1.2615,0.0,0.3657,40.5086,-17.9229,-2.3141,-0.1926,15.3184,HIGH
11.7825,6.9655,1.2615,1.1243,0.5379,28.6136,16.4514,-1.1898,-0.0204,3.4234,MEDIUM
11.7825,6.9655,1.2615,23.6329,0.8029,-8.7971,25.5857,21.3188,0.2446,-33.9873,MEDIUM
-4.6752,7.2149,0.8072,0.0,0.3657,40.5086,-17.9229,-2.3141,-0.1926,15.3184,MEDIUM_HIGH
-4.6752,7.2149,0.8072,1.1243,0.5379,28.6136,16.4514,-1.1898,-0.0204,3.4234,LOW
-4.6752,7.2149,0.8072,23.6329,0.8029,-8.7971,25.5857,21.3188,0.2446,-33.9873,LOW
1.0963,5.9114,2.2185,0.0,0.3657,40.5086,-17.9229,-2.3141,-0.1926,15.3184,MEDIUM_HIGH
1.0963,5.9114,2.2185,1.1243,0.5379,28.6136,16.4514,-1.1898,-0.0204,3.4234,LOW
1.0963,5.9114,2.2185,23.6329,0.8029,-8.7971,25.5857,21.3188,0.2446,-33.9873,LOW
-5.8738,6.4838,1.1776,0.0,0.3657,40.5086,-17.9229,-2.3141,-0.1926,15.3184,MEDIUM_HIGH
-5.8738,6.4838,1.1776,1.1243,0.5379,28.6136,16.4514,-1.1898,-0.0204,3.4234,LOW
-5.8738,6.4838,1.1776,23.6329,0.8029,-8.7971,25.5857,21.3188,0.2446,-33.9873,LOW
1.5272,6.199,0.5818,0.0,0.3657,40.5086,-17.9229,-2.3141,-0.1926,15.3184,MEDIUM_HIGH
1.5272,6.199,0.5818,1.1243,0.5379,28.6136,16.4514,-1.1898,-0.0204,3.4234,LOW
1.5272,6.199,0.5818,23.6329,0.8029,-8.7971,25.5857,21.3188,0.2446,-33.9873,LOW
0.2616,5.9542,1.1223,0.0,0.3657,40.5086,-17.9229,-2.3141,-0.1926,15.3184,MEDIUM_HIGH
0.2616,5.9542,1.1223,1.1243,0.5379,28.6136,16.4514,-1.1898,-0.0204,3.4234,LOW
0.2616,5.9542,1.1223,23.6329,0.8029,-8.7971,25.5857,21.3188,0.2446,-33.9873,LOW
-1.7123,5.2145,-0.2012,0.0,0.3657,40.5086,-17.9229,-2.3141,-0.1926,15.3184,MEDIUM_HIGH
-1.7123,5.2145,-0.2012,1.1243,0.5379,28.6136,16.4514,-1.1898,-0.0204,3.4234,LOW
-1.7123,5.2145,-0.2012,23.6329,0.8029,-8.7971,25.5857,21.3188,0.2446,-33.9873,LOW
-8.6776,5.8321,-0.7839,0.0,0.3657,40.5086,-17.9229,-2.3141,-0.1926,15.3184,MEDIUM_HIGH
-8.6776,5.8321,-0.7839,1.1243,0.5379,28.6136,16.4514,-1.1898,-0.0204,3.4234,LOW
-8.6776,5.8321,-0.7839,23.6329,0.8029,-8.7971,25.5857,21.3188,0.2446,-33.9873,LOW
-4.004,3.417,-2.7572,0.0,0.3657,40.5086,-17.9229,-2.3141,-0.1926,15.3184,MEDIUM_HIGH
-4.004,3.417,-2.7572,1.1243,0.5379,28.6136,16.4514,-1.1898,-0.0204,3.4234,LOW
-4.004,3.417,-2.7572,23.6329,0.8029,-8.7971,25.5857,21.3188,0.2446,-33.9873,LOW
-9.0485,3.9831,-3.3039,0.0,0.3657,40.5086,-17.9229,-2.3141,-0.1926,15.3184,MEDIUM_HIGH
-9.0485,3.9831,-3.3039,1.1243,0.5379,28.6136,16.4514,-1.1898,-0.0204,3.4234,LOW
-9.0485,3.9831,-3.3039,23.6329,0.8029,-8.7971,25.5857,21.3188,0.2446,-33.9873,LOW
2.1658,4.1432,-3.1702,0.0,0.3657,40.5086,-17.9229,-2.3141,-0.1926,15.3184,HIGH
2.1658,4.1432,-3.1702,1.1243,0.5379,28.6136,16.4514,-1.1898,-0.0204,3.4234,LOW_MEDIUM
2.1658,4.1432,-3.1702,23.6329,0.8029,-8.7971,25.5857,21.3188,0.2446,-33.9873,LOW_MEDIUM
-2.8803,4.0154,-2.796,0.0,0.3657,40.5086,-17.9229,-2.3141,-0.1926,15.3184,MEDIUM_HIGH
-2.8803,4.0154,-2.796,1.1243,0.5379,28.6136,16.4514,-1.1898,-0.0204,3.4234,LOW
-2.8803,4.0154,-2.796,23.6329,0.8029,-8.7971,25.5857,21.3188,0.2446,-33.9873,LOW
-6.8831,3.8432,-3.8473,0.0,0.3657,40.5086,-17.9229,-2.3141,-0.1926,15.3184,MEDIUM_HIGH
-6.8831,3.8432,-3.8473,1.1243,0.5379,28.6136,16.4514,-1.1898,-0.0204,3.4234,LOW
-6.8831,3.8432,-3.8473,23.6329,0.8029,-8.7971,25.5857,21.3188,0.2446,-33.9873,LOW
5.3757,4.7837,-3.208,0.0,0.3657,40.5086,-17.9229,-2.3141,-0.1926,15.3184,HIGH
5.3757,4.7837,-3.208,1.1243,0.5379,28.6136,16.4514,-1.1898,-0.0204,3.4234,MEDIUM
5.3757,4.7837,-3.208,23.6329,0.8029,-8.7971,25.5857,21.3188,0.2446,-33.9873,MEDIUM
-0.8054,4.8283,-3.0947,0.0,0.3657,40.5086,-17.9229,-2.3141,-0.1926,15.3184,MEDIUM_HIGH
-0.8054,4.8283,-3.0947,1.1243,0.5379,28.6136,16.4514,-1.1898,-0.0204,3.4234,LOW
-0.8054,4.8283,-3.0947,23.6329,0.8029,-8.7971,25.5857,21.3188,0.2446,-33.9873,LOW
-2.9817,4.3487,-2.3827,0.0,0.3657,40.5086,-17.9229,-2.3141,-0.1926,15.3184,MEDIUM_HIGH
-2.9817,4.3487,-2.3827,1.1243,0.5379,28.6136,16.4514,-1.1898,-0.0204,3.4234,LOW
-2.9817,4.3487,-2.3827,23.6329,0.8029,-8.7971,25.5857,21.3188,0.2446,-33.9873,LOW
4.6755,4.8614,-1.2977,0.0,0.3657,40.5086,-17.9229,-2.3141,-0.1926,15.3184,HIGH
4.6755,4.8614,-1.2977,1.1243,0.5379,28.6136,16.4514,-1.1898,-0.0204,3.4234,LOW_MEDIUM
4.6755,4.8614,-1.2977,23.6329,0.8029,-8.7971,25.5857,21.3188,0.2446,-33.9873,LOW_MEDIUM
4.389,4.1647,0.3819,0.0,0.3657,40.5086,-17.9229,-2.3141,-0.1926,15.3184,HIGH
4.389,4.1647,0.3819,1.1243,0.5379,28.6136,16.4514,-1.1898,-0.0204,3.4234,LOW_MEDIUM
4.389,4.1647,0.3819,23.6329,0.8029,-8.7971,25.5857,21.3188,0.2446,-33.9873,LOW_MEDIUM
-2.7715,4.2201,-0.2352,0.0,0.3657,40.5086,-17.9229,-2.3141,-0.1926,15.3184,MEDIUM_HIGH
-2.7715,4.2201,-0.2352,1.1243,0.5379,28.6136,16.4514,-1.1898,-0.0204,3.4234,LOW
-2.7715,4.2201,-0.2352,23.6329,0.8029,-8.7971,25.5857,21.3188,0.2446,-33.9873,LOW
-5.2721,4.474,-0.5342,0.0,0.3657,40.5086,-17.9229,-2.3141,-0.1926,15.3184,MEDIUM_HIGH
-5.2721,4.474,-0.5342,1.1243,0.5379,28.6136,16.4514,-1.1898,-0.0204,3.4234,LOW
-5.2721,4.474,-0.5342,23.6329,0.8029,-8.7971,25.5857,21.3188,0.2446,-33.9873,LOW
-4.4233,4.0956,-0.2267,0.0,0.3657,40.5086,-17.9229,-2.3141,-0.1926,15.3184,MEDIUM_HIGH
-4.4233,4.0956,-0.2267,1.1243,0.5379,28.6136,16.4514,-1.1898,-0.0204,3.4234,LOW
-4.4233,4.0956,-0.2267,23.6329,0.8029,-8.7971,25.5857,21.3188,0.2446,-33.9873,LOW
2.2166,3.6662,-0.6216,0.0,0.3657,40.5086,-17.9229,-2.3141,-0.1926,15.3184,MEDIUM_HIGH
2.2166,3.6662,-0.6216,1.1243,0.5379,28.6136,16.4514,-1.1898,-0.0204,3.4234,LOW
2.2166,3.6662,-0.6216,23.6329,0.8029,-8.7971,25.5857,21.3188,0.2446,-33.9873,LOW
9.4195,4.9402,0.6565,0.0,0.3657,40.5086,-17.9229,-2.3141,-0.1926,15.3184,HIGH
9.4195,4.9402,0.6565,1.1243,0.5379,28.6136,16.4514,-1.1898,-0.0204,3.4234,MEDIUM
9.4195,4.9402,0.6565,23.6329,0.8029,-8.7971,25.5857,21.3188,0.2446,-33.9873,MEDIUM
2.6837,4.7711,1.3647,0.0,0.3657,40.5086,-17.9229,-2.3141,-0.1926,15.3184,HIGH
2.6837,4.7711,1.3647,1.1243,0.5379,28.6136,16.4514,-1.1898,-0.0204,3.4234,LOW_MEDIUM
2.6837,4.7711,1.3647,23.6329,0.8029,-8.7971,25.5857,21.3188,0.2446,-33.9873,LOW_MEDIUM
0.9952,4.6042,0.9046,0.0,0.3657,40.5086,-17.9229,-2.3141,-0.1926,15.3184,MEDIUM_HIGH
0.9952,4.6042,0.9046,1.1243,0.5379,28.6136,16.4514,-1.1898,-0.0204,3.4234,LOW
0.9952,4.6042,0.9046,23.6329,0.8029,-8.7971,25.5857,21.3188,0.2446,-33.9873,LOW
6.5393,4.8557,1.1734,0.0,0.3657,40.5086,-17.9229,-2.3141,-0.1926,15.3184,HIGH
6.5393,4.8557,1.1734,1.1243,0.5379,28.6136,16.4514,-1.1898,-0.0204,3.4234,MEDIUM
6.5393,4.8557,1.1734,23.6329,0.8029,-8.7971,25.5857,21.3188,0.2446,-33.9873,MEDIUM
0.6166,4.6359,1.5969,0.0,0.3657,40.5086,-17.9229,-2.3141,-0.1926,15.3184,MEDIUM_HIGH
0.6166,4.6359,1.5969,1.1243,0.5379,28.6136,16.4514,-1.1898,-0.0204,3.4234,LOW
0.6166,4.6359,1.5969,23.6329,0.8029,-8.7971,25.5857,21.3188,0.2446,-33.9873,LOW
-4.8282,4.5553,1.6524,0.0,0.3657,40.5086,-17.9229,-2.3141,-0.1926,15.3184,MEDIUM_HIGH
-4.8282,4.5553,1.6524,1.1243,0.5379,28.6136,16.4514,-1.1898,-0.0204,3.4234,LOW
-4.8282,4.5553,1.6524,23.6329,0.8029,-8.7971,25.5857,21.3188,0.2446,-33.9873,LOW
-0.4878,4.058,2.1444,0.0,0.3657,40.5086,-17.9229,-2.3141,-0.1926,15.3184,MEDIUM_HIGH
-0.4878,4.058,2.1444,1.1243,0.5379,28.6136,16.4514,-1.1898,-0.0204,3.4234,LOW
-0.4878,4.058,2.1444,23.6329,0.8029,-8.7971,25.5857,21.3188,0.2446,-33.9873,LOW
0.0635,4.1153,1.8752,0.0,0.3657,40.5086,-17.9229,-2.3141,-0.1926,15.3184,MEDIUM_HIGH
0.0635,4.1153,1.8752,1.1243,0.5379,28.6136,16.4514,-1.1898,-0.0204,3.4234,LOW
0.0635,4.1153,1.8752,23.6329,0.8029,-8.7971,25.5857,21.3188,0.2446,-33.9873,LOW
1.5145,2.9767,0.8871,0.0,0.3657,40.5086,-17.9229,-2.3141,-0.1926,15.3184,MEDIUM_HIGH
1.5145,2.9767,0.8871,1.1243,0.5379,28.6136,16.4514,-1.1898,-0.0204,3.4234,LOW
1.5145,2.9767,0.8871,23.6329,0.8029,-8.7971,25.5857,21.3188,0.2446,-33.9873,LOW
-4.8601,3.4201,-0.0559,0.0,0.3657,40.5086,-17.9229,-2.3141,-0.1926,15.3184,MEDIUM_HIGH
-4.8601,3.4201,-0.0559,1.1243,0.5379,28.6136,16.4514,-1.1898,-0.0204,3.4234,LOW
-4.8601,3.4201,-0.0559,23.6329,0.8029,-8.7971,25.5857,21.3188,0.2446,-33.9873,LOW
8.24,4.3979,0.8497,0.0,0.3657,40.5086,-17.9229,-2.3141,-0.1926,15.3184,HIGH
8.24,4.3979,0.8497,1.1243,0.5379,28.6136,16.4514,-1.1898,-0.0204,3.4234,MEDIUM
8.24,4.3979,0.8497,23.6329,0.8029,-8.7971,25.5857,21.3188,0.2446,-33.9873,MEDIUM
5.7853,4.2815,0.7555,0.0,0.3657,40.5086,-17.9229,-2.3141,-0.1926,15.3184,HIGH
5.7853,4.2815,0.7555,1.1243,0.5379,28.6136,16.4514,-1.1898,-0.0204,3.4234,MEDIUM
5.7853,4.2815,0.7555,23.6329,0.8029,-8.7971,25.5857,21.3188,0.2446,-33.9873,MEDIUM
-0.8775,4.3159,0.5687,0.0,0.3657,40.5086,-17.9229,-2.3141,-0.1926,15.3184,MEDIUM_HIGH
-0.8775,4.3159,0.5687,1.1243,0.5379,28.6136,16.4514,-1.1898,-0.0204,3.4234,LOW
-0.8775,4.3159,0.5687,23.6329,0.8029,-8.7971,25.5857,21.3188,0.2446,-33.9873,LOW
-2.7714,4.0392,0.8258,0.0,0.3657,40.5086,-17.9229,-2.3141,-0.1926,15.3184,MEDIUM_HIGH
-2.7714,4.0392,0.8258,1.1243,0.5379,28.6136,16.4514,-1.1898,-0.0204,3.4234,LOW
-2.7714,4.0392,0.8258,23.6329,0.8029,-8.7971,25.5857,21.3188,0.2446,-33.9873,LOW
1.3436,4.01,1.0547,0.0,0.3657,40.5086,-17.9229,-2.3141,-0.1926,15.3184,MEDIUM_HIGH
1.3436,4.01,1.0547,1.1243,0.5379,28.6136,16.4514,-1.1898,-0.0204,3.4234,LOW
1.3436,4.01,1.0547,23.6329,0.8029,-8.7971,25.5857,21.3188,0.2446,-33.9873,LOW
-2.8949,4.2155,0.6849,0.0,0.3657,40.5086,-17.9229,-2.3141,-0.1926,15.3184,MEDIUM_HIGH
-2.8949,4.2155,0.6849,1.1243,0.5379,28.6136,16.4514,-1.1898,-0.0204,3.4234,LOW
-2.8949,4.2155,0.6849,23.6329,0.8029,-8.7971,25.5857,21.3188,0.2446,-33.9873,LOW
4.7057,4.4211,1.0838,0.0,0.3657,40.5086,-17.9229,-2.3141,-0.1926,15.3184,HIGH
4.7057,4.4211,1.0838,1.1243,0.5379,28.6136,16.4514,-1.1898,-0.0204,3.4234,LOW_MEDIUM
4.7057,4.4211,1.0838,23.6329,0.8029,-8.7971,25.5857,21.3188,0.2446,-33.9873,LOW_MEDIUM
-5.4745,4.5278,1.007,0.0,0.3657,40.5086,-17.9229,-2.3141,-0.1926,15.3184,MEDIUM_HIGH
-5.4745,4.5278,1.007,1.1243,0.5379,28.6136,16.4514,-1.1898,-0.0204,3.4234,LOW
-5.4745,4.5278,1.007,23.6329,0.8029,-8.7971,25.5857,21.3188,0.2446,-33.9873,LOW
0.3545,3.6115,0.0214,0.0,0.3657,40.5086,-17.9229,-2.3141,-0.1926,15.3184,MEDIUM_HIGH
0.3545,3.6115,0.0214,1.1243,0.5379,28.6136,16.4514,-1.1898,-0.0204,3.4234,LOW
0.3545,3.6115,0.0214,23.6329,0.8029,-8.7971,25.5857,21.3188,0.2446,-33.9873,LOW
1.574,2.9856,-0.5051,0.0,0.3657,40.5086,-17.9229,-2.3141,-0.1926,15.3184,MEDIUM_HIGH
1.574,2.9856,-0.5051,1.1243,0.5379,28.6136,16.4514,-1.1898,-0.0204,3.4234,LOW
1.574,2.9856,-0.5051,23.6329,0.8029,-8.7971,25.5857,21.3188,0.2446,-33.9873,LOW
0.0,2.9861,-0.3954,0.0,0.3657,40.5086,-17.9229,-2.3141,-0.1926,15.3184,MEDIUM_HIGH
0.0,2.9861,-0.3954,1.1243,0.5379,28.6136,16.4514,-1.1898,-0.0204,3.4234,LOW
0.0,2.9861,-0.3954,23.6329,0.8029,-8.7971,25.5857,21.3188,0.2446,-33.9873,LOW
14.7243,0.0,14.7243,0.0,0.3657,40.5086,-17.9229,-2.3141,-0.1926,15.3184,HIGH
14.7243,0.0,14.7243,1.1243,0.5379,28.6136,16.4514,-1.1898,-0.0204,3.4234,MEDIUM
14.7243,0.0,14.7243,23.6329,0.8029,-8.7971,25.5857,21.3188,0.2446,-33.9873,MEDIUM
-1.5857,8.155,6.5693,0.0,0.3657,40.5086,-17.9229,-2.3141,-0.1926,15.3184,HIGH
-1.5857,8.155,6.5693,1.1243,0.5379,28.6136,16.4514,-1.1898,-0.0204,3.4234,LOW_MEDIUM
-1.5857,8.155,6.5693,23.6329,0.8029,-8.7971,25.5857,21.3188,0.2446,-33.9873,LOW_MEDIUM
-4.5317,8.4688,2.869,0.0,0.3657,40.5086,-17.9229,-2.3141,-0.1926,15.3184,MEDIUM_HIGH
-4.5317,8.4688,2.869,1.1243,0.5379,28.6136,16.4514,-1.1898,-0.0204,3.4234,LOW
-4.5317,8.4688,2.869,23.6329,0.8029,-8.7971,25.5857,21.3188,0.2446,-33.9873,LOW
-8.0696,8.7307,0.1343,0.0,0.3657,40.5086,-17.9229,-2.3141,-0.1926,15.3184,MEDIUM_HIGH
-8.0696,8.7307,0.1343,1.1243,0.5379,28.6136,16.4514,-1.1898,-0.0204,3.4234,LOW
-8.0696,8.7307,0.1343,23.6329,0.8029,-8.7971,25.5857,21.3188,0.2446,-33.9873,LOW
-10.4991,8.8922,-1.9924,0.0,0.3657,40.5086,-17.9229,-2.3141,-0.1926,15.3184,MEDIUM_HIGH
-10.4991,8.8922,-1.9924,1.1243,0.5379,28.6136,16.4514,-1.1898,-0.0204,3.4234,LOW
-10.4991,8.8922,-1.9924,23.6329,0.8029,-8.7971,25.5857,21.3188,0.2446,-33.9873,LOW
-0.641,8.1331,-1.7671,0.0,0.3657,40.5086,-17.9229,-2.3141,-0.1926,15.3184,MEDIUM_HIGH
-0.641,8.1331,-1.7671,1.1243,0.5379,28.6136,16.4514,-1.1898,-0.0204,3.4234,LOW
-0.641,8.1331,-1.7671,23.6329,0.8029,-8.7971,25.5857,21.3188,0.2446,-33.9873,LOW
-7.7419,7.8146,-2.6207,0.0,0.3657,40.5086,-17.9229,-2.3141,-0.1926,15.3184,MEDIUM_HIGH
-7.7419,7.8146,-2.6207,1.1243,0.5379,28.6136,16.4514,-1.1898,-0.0204,3.4234,LOW
-7.7419,7.8146,-2.6207,23.6329,0.8029,-8.7971,25.5857,21.3188,0.2446,-33.9873,LOW
-5.5245,7.3727,-2.9836,0.0,0.3657,40.5086,-17.9229,-2.3141,-0.1926,15.3184,MEDIUM_HIGH
-5.5245,7.3727,-2.9836,1.1243,0.5379,28.6136,16.4514,-1.1898,-0.0204,3.4234,LOW
-5.5245,7.3727,-2.9836,23.6329,0.8029,-8.7971,25.5857,21.3188,0.2446,-33.9873,LOW
-3.4049,3.1697,-5.2498,0.0,0.3657,40.5086,-17.9229,-2.3141,-0.1926,15.3184,MEDIUM_HIGH
-3.4049,3.1697,-5.2498,1.1243,0.5379,28.6136,16.4514,-1.1898,-0.0204,3.4234,LOW
-3.4049,3.1697,-5.2498,23.6329,0.8029,-8.7971,25.5857,21.3188,0.2446,-33.9873,LOW
9.4253,5.7788,-3.8734,0.0,0.3657,40.5086,-17.9229,-2.3141,-0.1926,15.3184,HIGH
9.4253,5.7788,-3.8734,1.1243,0.5379,28.6136,16.4514,-1.1898,-0.0204,3.4234,MEDIUM
9.4253,5.7788,-3.8734,23.6329,0.8029,-8.7971,25.5857,21.3188,0.2446,-33.9873,MEDIUM
-1.4706,5.8237,-3.4908,0.0,0.3657,40.5086,-17.9229,-2.3141,-0.1926,15.3184,MEDIUM_HIGH
-1.4706,5.8237,-3.4908,1.1243,0.5379,28.6136,16.4514,-1.1898,-0.0204,3.4234,LOW
-1.4706,5.8237,-3.4908,23.6329,0.8029,-8.7971,25.5857,21.3188,0.2446,-33.9873,LOW
-2.4876,5.5618,-2.793,0.0,0.3657,40.5086,-17.9229,-2.3141,-0.1926,15.3184,MEDIUM_HIGH
-2.4876,5.5618,-2.793,1.1243,0.5379,28.6136,16.4514,-1.1898,-0.0204,3.4234,LOW
-2.4876,5.5618,-2.793,23.6329,0.8029,-8.7971,25.5857,21.3188,0.2446,-33.9873,LOW
-2.551,4.7467,-1.7995,0.0,0.3657,40.5086,-17.9229,-2.3141,-0.1926,15.3184,MEDIUM_HIGH
-2.551,4.7467,-1.7995,1.1243,0.5379,28.6136,16.4514,-1.1898,-0.0204,3.4234,LOW
-2.551,4.7467,-1.7995,23.6329,0.8029,-8.7971,25.5857,21.3188,0.2446,-33.9873,LOW
7.1055,5.5981,-0.8312,0.0,0.3657,40.5086,-17.9229,-2.3141,-0.1926,15.3184,HIGH
7.1055,5.5981,-0.8312,1.1243,0.5379,28.6136,16.4514,-1.1898,-0.0204,3.4234,MEDIUM
7.1055,5.5981,-0.8312,23.6329,0.8029,-8.7971,25.5857,21.3188,0.2446,-33.9873,MEDIUM
1.1872,4.9631,0.2849,0.0,0.3657,40.5086,-17.9229,-2.3141,-0.1926,15.3184,MEDIUM_HIGH
1.1872,4.9631,0.2849,1.1243,0.5379,28.6136,16.4514,-1.1898,-0.0204,3.4234,LOW
1.1872,4.9631,0.2849,23.6329,0.8029,-8.7971,25.5857,21.3188,0.2446,-33.9873,LOW
5.8661,4.7201,1.7088,0.0,0.3657,40.5086,-17.9229,-2.3141,-0.1926,15.3184,HIGH
5.8661,4.7201,1.7088,1.1243,0.5379,28.6136,16.4514,-1.1898,-0.0204,3.4234,MEDIUM
5.8661,4.7201,1.7088,23.6329,0.8029,-8.7971,25.5857,21.3188,0.2446,-33.9873,MEDIUM
6.7145,4.5325,2.9737,0.0,0.3657,40.5086,-17.9229,-2.3141,-0.1926,15.3184,HIGH
6.7145,4.5325,2.9737,1.1243,0.5379,28.6136,16.4514,-1.1898,-0.0204,3.4234,MEDIUM
6.7145,4.5325,2.9737,23.6329,0.8029,-8.7971,25.5857,21.3188,0.2446,-33.9873,MEDIUM
-2.6268,4.1221,1.4672,0.0,0.3657,40.5086,-17.9229,-2.3141,-0.1926,15.3184,MEDIUM_HIGH
-2.6268,4.1221,1.4672,1.1243,0.5379,28.6136,16.4514,-1.1898,-0.0204,3.4234,LOW
-2.6268,4.1221,1.4672,23.6329,0.8029,-8.7971,25.5857,21.3188,0.2446,-33.9873,LOW
-7.1518,4.9693,0.757,0.0,0.3657,40.5086,-17.9229,-2.3141,-0.1926,15.3184,MEDIUM_HIGH
-7.1518,4.9693,0.757,1.1243,0.5379,28.6136,16.4514,-1.1898,-0.0204,3.4234,LOW
-7.1518,4.9693,0.757,23.6329,0.8029,-8.7971,25.5857,21.3188,0.2446,-33.9873,LOW
-11.9595,6.4954,-0.427,0.0,0.3657,40.5086,-17.9229,-2.3141,-0.1926,15.3184,MEDIUM_HIGH
-11.9595,6.4954,-0.427,1.1243,0.5379,28.6136,16.4514,-1.1898,-0.0204,3.4234,LOW
-11.9595,6.4954,-0.427,23.6329,0.8029,-8.7971,25.5857,21.3188,0.2446,-33.9873,LOW
10.8979,7.4048,1.2541,0.0,0.3657,40.5086,-17.9229,-2.3141,-0.1926,15.3184,HIGH
10.8979,7.4048,1.2541,1.1243,0.5379,28.6136,16.4514,-1.1898,-0.0204,3.4234,MEDIUM
10.8979,7.4048,1.2541,23.6329,0.8029,-8.7971,25.5857,21.3188,0.2446,-33.9873,MEDIUM
-13.6332,8.4579,-1.3382,0.0,0.3657,40.5086,-17.9229,-2.3141,-0.1926,15.3184,MEDIUM_HIGH
-13.6332,8.4579,-1.3382,1.1243,0.5379,28.6136,16.4514,-1.1898,-0.0204,3.4234,LOW
-13.6332,8.4579,-1.3382,23.6329,0.8029,-8.7971,25.5857,21.3188,0.2446,-33.9873,LOW
0.4006,8.4325,-1.4365,0.0,0.3657,40.5086,-17.9229,-2.3141,-0.1926,15.3184,MEDIUM_HIGH
0.4006,8.4325,-1.4365,1.1243,0.5379,28.6136,16.4514,-1.1898,-0.0204,3.4234,LOW
0.4006,8.4325,-1.4365,23.6329,0.8029,-8.7971,25.5857,21.3188,0.2446,-33.9873,LOW
6.7039,8.5272,-1.3318,0.0,0.3657,40.5086,-17.9229,-2.3141,-0.1926,15.3184,HIGH
6.7039,8.5272,-1.3318,1.1243,0.5379,28.6136,16.4514,-1.1898,-0.0204,3.4234,MEDIUM
6.7039,8.5272,-1.3318,23.6329,0.8029,-8.7971,25.5857,21.3188,0.2446,-33.9873,MEDIUM
7.0307,8.565,-1.2923,0.0,0.3657,40.5086,-17.9229,-2.3141,-0.1926,15.3184,HIGH
7.0307,8.565,-1.2923,1.1243,0.5379,28.6136,16.4514,-1.1898,-0.0204,3.4234,MEDIUM
7.0307,8.565,-1.2923,23.6329,0.8029,-8.7971,25.5857,21.3188,0.2446,-33.9873,MEDIUM
0.8386,8.5742,-0.8591,0.0,0.3657,40.5086,-17.9229,-2.3141,-0.1926,15.3184,MEDIUM_HIGH
0.8386,8.5742,-0.8591,1.1243,0.5379,28.6136,16.4514,-1.1898,-0.0204,3.4234,LOW
0.8386,8.5742,-0.8591,23.6329,0.8029,-8.7971,25.5857,21.3188,0.2446,-33.9873,LOW
-7.3458,8.5922,-0.8833,0.0,0.3657,40.5086,-17.9229,-2.3141,-0.1926,15.3184,MEDIUM_HIGH
-7.3458,8.5922,-0.8833,1.1243,0.5379,28.6136,16.4514,-1.1898,-0.0204,3.4234,LOW
-7.3458,8.5922,-0.8833,23.6329,0.8029,-8.7971,25.5857,21.3188,0.2446,-33.9873,LOW
6.4323,7.7393,1.4156,0.0,0.3657,40.5086,-17.9229,-2.3141,-0.1926,15.3184,HIGH
6.4323,7.7393,1.4156,1.1243,0.5379,28.6136,16.4514,-1.1898,-0.0204,3.4234,MEDIUM
6.4323,7.7393,1.4156,23.6329,0.8029,-8.7971,25.5857,21.3188,0.2446,-33.9873,MEDIUM
11.5249,7.8374,1.494,0.0,0.3657,40.5086,-17.9229,-2.3141,-0.1926,15.3184,HIGH
11.5249,7.8374,1.494,1.1243,0.5379,28.6136,16.4514,-1.1898,-0.0204,3.4234,MEDIUM
11.5249,7.8374,1.494,23.6329,0.8029,-8.7971,25.5857,21.3188,0.2446,-33.9873,MEDIUM
-0.6931,5.55,3.1115,0.0,0.3657,40.5086,-17.9229,-2.3141,-0.1926,15.3184,HIGH
-0.6931,5.55,3.1115,1.1243,0.5379,28.6136,16.4514,-1.1898,-0.0204,3.4234,LOW_MEDIUM
-0.6931,5.55,3.1115,23.6329,0.8029,-8.7971,25.5857,21.3188,0.2446,-33.9873,LOW_MEDIUM
-1.0787,5.6608,2.9266,0.0,0.3657,40.5086,-17.9229,-2.3141,-0.1926,15.3184,MEDIUM_HIGH
-1.0787,5.6608,2.9266,1.1243,0.5379,28.6136,16.4514,-1.1898,-0.0204,3.4234,LOW
-1.0787,5.6608,2.9266,23.6329,0.8029,-8.7971,25.5857,21.3188,0.2446,-33.9873,LOW
18.1527,7.5626,4.3577,0.0,0.3657,40.5086,-17.9229,-2.3141,-0.1926,15.3184,HIGH
18.1527,7.5626,4.3577,1.1243,0.5379,28.6136,16.4514,-1.1898,-0.0204,3.4234,MEDIUM
18.1527,7.5626,4.3577,23.6329,0.8029,-8.7971,25.5857,21.3188,0.2446,-33.9873,MEDIUM
-0.4343,7.6354,3.4246,0.0,0.3657,40.5086,-17.9229,-2.3141,-0.1926,15.3184,HIGH
-0.4343,7.6354,3.4246,1.1243,0.5379,28.6136,16.4514,-1.1898,-0.0204,3.4234,LOW_MEDIUM
-0.4343,7.6354,3.4246,23.6329,0.8029,-8.7971,25.5857,21.3188,0.2446,-33.9873,LOW_MEDIUM
-1.1996,7.7506,3.1698,0.0,0.3657,40.5086,-17.9229,-2.3141,-0.1926,15.3184,HIGH
-1.1996,7.7506,3.1698,1.1243,0.5379,28.6136,16.4514,-1.1898,-0.0204,3.4234,LOW_MEDIUM
-1.1996,7.7506,3.1698,23.6329,0.8029,-8.7971,25.5857,21.3188,0.2446,-33.9873,LOW_MEDIUM
-10.6512,8.364,2.7566,0.0,0.3657,40.5086,-17.9229,-2.3141,-0.1926,15.3184,MEDIUM_HIGH
-10.6512,8.364,2.7566,1.1243,0.5379,28.6136,16.4514,-1.1898,-0.0204,3.4234,LOW
-10.6512,8.364,2.7566,23.6329,0.8029,-8.7971,25.5857,21.3188,0.2446,-33.9873,LOW
7.9679,8.4631,2.9486,0.0,0.3657,40.5086,-17.9229,-2.3141,-0.1926,15.3184,HIGH
7.9679,8.4631,2.9486,1.1243,0.5379,28.6136,16.4514,-1.1898,-0.0204,3.4234,MEDIUM
7.9679,8.4631,2.9486,23.6329,0.8029,-8.7971,25.5857,21.3188,0.2446,-33.9873,MEDIUM
12.4142,8.5801,3.0597,0.0,0.3657,40.5086,-17.9229,-2.3141,-0.1926,15.3184,HIGH
12.4142,8.5801,3.0597,1.1243,0.5379,28.6136,16.4514,-1.1898,-0.0204,3.4234,MEDIUM
12.4142,8.5801,3.0597,23.6329,0.8029,-8.7971,25.5857,21.3188,0.2446,-33.9873,MEDIUM
12.4173,8.9508,4.6985,0.0,0.3657,40.5086,-17.9229,-2.3141,-0.1926,15.3184,HIGH
12.4173,8.9508,4.6985,1.1243,0.5379,28.6136,16.4514,-1.1898,-0.0204,3.4234,MEDIUM
12.4173,8.9508,4.6985,23.6329,0.8029,-8.7971,25.5857,21.3188,0.2446,-33.9873,MEDIUM
-7.9221,9.7531,3.8431,0.0,0.3657,40.5086,-17.9229,-2.3141,-0.1926,15.3184,HIGH
-7.9221,9.7531,3.8431,1.1243,0.5379,28.6136,16.4514,-1.1898,-0.0204,3.4234,LOW_MEDIUM
-7.9221,9.7531,3.8431,23.6329,0.8029,-8.7971,25.5857,21.3188,0.2446,-33.9873,LOW_MEDIUM
14.0118,9.0656,3.3255,0.0,0.3657,40.5086,-17.9229,-2.3141,-0.1926,15.3184,HIGH
14.0118,9.0656,3.3255,1.1243,0.5379,28.6136,16.4514,-1.1898,-0.0204,3.4234,MEDIUM
14.0118,9.0656,3.3255,23.6329,0.8029,-8.7971,25.5857,21.3188,0.2446,-33.9873,MEDIUM
-6.0371,9.5334,2.6252,0.0,0.3657,40.5086,-17.9229,-2.3141,-0.1926,15.3184,MEDIUM_HIGH
-6.0371,9.5334,2.6252,1.1243,0.5379,28.6136,16.4514,-1.1898,-0.0204,3.4234,LOW
-6.0371,9.5334,2.6252,23.6329,0.8029,-8.7971,25.5857,21.3188,0.2446,-33.9873,LOW
-4.3598,9.7468,2.2301,0.0,0.3657,40.5086,-17.9229,-2.3141,-0.1926,15.3184,MEDIUM_HIGH
-4.3598,9.7468,2.2301,1.1243,0.5379,28.6136,16.4514,-1.1898,-0.0204,3.4234,LOW
-4.3598,9.7468,2.2301,23.6329,0.8029,-8.7971,25.5857,21.3188,0.2446,-33.9873,LOW
2.3512,8.4628,3.8554,0.0,0.3657,40.5086,-17.9229,-2.3141,-0.1926,15.3184,HIGH
2.3512,8.4628,3.8554,1.1243,0.5379,28.6136,16.4514,-1.1898,-0.0204,3.4234,LOW_MEDIUM
2.3512,8.4628,3.8554,23.6329,0.8029,-8.7971,25.5857,21.3188,0.2446,-33.9873,LOW_MEDIUM
-6.0478,8.871,2.1035,0.0,0.3657,40.5086,-17.9229,-2.3141,-0.1926,15.3184,MEDIUM_HIGH
-6.0478,8.871,2.1035,1.1243,0.5379,28.6136,16.4514,-1.1898,-0.0204,3.4234,LOW
-6.0478,8.871,2.1035,23.6329,0.8029,-8.7971,25.5857,21.3188,0.2446,-33.9873,LOW
-7.0359,8.3627,-0.3278,0.0,0.3657,40.5086,-17.9229,-2.3141,-0.1926,15.3184,MEDIUM_HIGH
-7.0359,8.3627,-0.3278,1.1243,0.5379,28.6136,16.4514,-1.1898,-0.0204,3.4234,LOW
-7.0359,8.3627,-0.3278,23.6329,0.8029,-8.7971,25.5857,21.3188,0.2446,-33.9873,LOW
-8.5883,7.16,-2.9535,0.0,0.3657,40.5086,-17.9229,-2.3141,-0.1926,15.3184,MEDIUM_HIGH
-8.5883,7.16,-2.9535,1.1243,0.5379,28.6136,16.4514,-1.1898,-0.0204,3.4234,LOW
-8.5883,7.16,-2.9535,23.6329,0.8029,-8.7971,25.5857,21.3188,0.2446,-33.9873,LOW
-7.8097,7.1504,-2.9394,0.0,0.3657,40.5086,-17.9229,-2.3141,-0.1926,15.3184,MEDIUM_HIGH
-7.8097,7.1504,-2.9394,1.1243,0.5379,28.6136,16.4514,-1.1898,-0.0204,3.4234,LOW
-7.8097,7.1504,-2.9394,23.6329,0.8029,-8.7971,25.5857,21.3188,0.2446,-33.9873,LOW
16.6879,7.9531,-2.6049,0.0,0.3657,40.5086,-17.9229,-2.3141,-0.1926,15.3184,HIGH
16.6879,7.9531,-2.6049,1.1243,0.5379,28.6136,16.4514,-1.1898,-0.0204,3.4234,MEDIUM
16.6879,7.9531,-2.6049,23.6329,0.8029,-8.7971,25.5857,21.3188,0.2446,-33.9873,MEDIUM
3.6026,8.0712,-1.4,0.0,0.3657,40.5086,-17.9229,-2.3141,-0.1926,15.3184,HIGH
3.6026,8.0712,-1.4,1.1243,0.5379,28.6136,16.4514,-1.1898,-0.0204,3.4234,LOW_MEDIUM
3.6026,8.0712,-1.4,23.6329,0.8029,-8.7971,25.5857,21.3188,0.2446,-33.9873,LOW_MEDIUM
-11.96,8.7798,-2.35,0.0,0.3657,40.5086,-17.9229,-2.3141,-0.1926,15.3184,MEDIUM_HIGH
-11.96,8.7798,-2.35,1.1243,0.5379,28.6136,16.4514,-1.1898,-0.0204,3.4234,LOW
-11.96,8.7798,-2.35,23.6329,0.8029,-8.7971,25.5857,21.3188,0.2446,-33.9873,LOW
0.7181,8.6867,-2.5541,0.0,0.3657,40.5086,-17.9229,-2.3141,-0.1926,15.3184,MEDIUM_HIGH
0.7181,8.6867,-2.5541,1.1243,0.5379,28.6136,16.4514,-1.1898,-0.0204,3.4234,LOW
0.7181,8.6867,-2.5541,23.6329,0.8029,-8.7971,25.5857,21.3188,0.2446,-33.9873,LOW
-6.6548,8.7194,-2.63,0.0,0.3657,40.5086,-17.9229,-2.3141,-0.1926,15.3184,MEDIUM_HIGH
-6.6548,8.7194,-2.63,1.1243,0.5379,28.6136,16.4514,-1.1898,-0.0204,3.4234,LOW
-6.6548,8.7194,-2.63,23.6329,0.8029,-8.7971,25.5857,21.3188,0.2446,-33.9873,LOW
9.3571,9.3469,-0.5809,0.0,0.3657,40.5086,-17.9229,-2.3141,-0.1926,15.3184,HIGH
9.3571,9.3469,-0.5809,1.1243,0.5379,28.6136,16.4514,-1.1898,-0.0204,3.4234,MEDIUM
9.3571,9.3469,-0.5809,23.6329,0.8029,-8.7971,25.5857,21.3188,0.2446,-33.9873,MEDIUM
-4.773,9.0177,-0.104,0.0,0.3657,40.5086,-17.9229,-2.3141,-0.1926,15.3184,MEDIUM_HIGH
-4.773,9.0177,-0.104,1.1243,0.5379,28.6136,16.4514,-1.1898,-0.0204,3.4234,LOW
-4.773,9.0177,-0.104,23.6329,0.8029,-8.7971,25.5857,21.3188,0.2446,-33.9873,LOW
7.9462,8.8385,1.8655,0.0,0.3657,40.5086,-17.9229,-2.3141,-0.1926,15.3184,HIGH
7.9462,8.8385,1.8655,1.1243,0.5379,28.6136,16.4514,-1.1898,-0.0204,3.4234,MEDIUM
7.9462,8.8385,1.8655,23.6329,0.8029,-8.7971,25.5857,21.3188,0.2446,-33.9873,MEDIUM
-6.342,7.1266,-1.0132,0.0,0.3657,40.5086,-17.9229,-2.3141,-0.1926,15.3184,MEDIUM_HIGH
-6.342,7.1266,-1.0132,1.1243,0.5379,28.6136,16.4514,-1.1898,-0.0204,3.4234,LOW
-6.342,7.1266,-1.0132,23.6329,0.8029,-8.7971,25.5857,21.3188,0.2446,-33.9873,LOW
-7.7993,7.2007,-2.4385,0.0,0.3657,40.5086,-17.9229,-2.3141,-0.1926,15.3184,MEDIUM_HIGH
-7.7993,7.2007,-2.4385,1.1243,0.5379,28.6136,16.4514,-1.1898,-0.0204,3.4234,LOW
-7.7993,7.2007,-2.4385,23.6329,0.8029,-8.7971,25.5857,21.3188,0.2446,-33.9873,LOW
-2.1639,6.2472,-1.2139,0.0,0.3657,40.5086,-17.9229,-2.3141,-0.1926,15.3184,MEDIUM_HIGH
-2.1639,6.2472,-1.2139,1.1243,0.5379,28.6136,16.4514,-1.1898,-0.0204,3.4234,LOW
-2.1639,6.2472,-1.2139,23.6329,0.8029,-8.7971,25.5857,21.3188,0.2446,-33.9873,LOW
6.2332,6.7096,-0.5246,0.0,0.3657,40.5086,-17.9229,-2.3141,-0.1926,15.3184,HIGH
6.2332,6.7096,-0.5246,1.1243,0.5379,28.6136,16.4514,-1.1898,-0.0204,3.4234,MEDIUM
6.2332,6.7096,-0.5246,23.6329,0.8029,-8.7971,25.5857,21.3188,0.2446,-33.9873,MEDIUM
-12.7445,7.6425,-1.2858,0.0,0.3657,40.5086,-17.9229,-2.3141,-0.1926,15.3184,MEDIUM_HIGH
-12.7445,7.6425,-1.2858,1.1243,0.5379,28.6136,16.4514,-1.1898,-0.0204,3.4234,LOW
-12.7445,7.6425,-1.2858,23.6329,0.8029,-8.7971,25.5857,21.3188,0.2446,-33.9873,LOW
-1.5184,6.5121,-2.6452,0.0,0.3657,40.5086,-17.9229,-2.3141,-0.1926,15.3184,MEDIUM_HIGH
-1.5184,6.5121,-2.6452,1.1243,0.5379,28.6136,16.4514,-1.1898,-0.0204,3.4234,LOW
-1.5184,6.5121,-2.6452,23.6329,0.8029,-8.7971,25.5857,21.3188,0.2446,-33.9873,LOW
-3.0837,6.4669,-2.4341,0.0,0.3657,40.5086,-17.9229,-2.3141,-0.1926,15.3184,MEDIUM_HIGH
-3.0837,6.4669,-2.4341,1.1243,0.5379,28.6136,16.4514,-1.1898,-0.0204,3.4234,LOW
-3.0837,6.4669,-2.4341,23.6329,0.8029,-8.7971,25.5857,21.3188,0.2446,-33.9873,LOW
-2.803,5.154,-3.7777,0.0,0.3657,40.5086,-17.9229,-2.3141,-0.1926,15.3184,MEDIUM_HIGH
-2.803,5.154,-3.7777,1.1243,0.5379,28.6136,16.4514,-1.1898,-0.0204,3.4234,LOW
-2.803,5.154,-3.7777,23.6329,0.8029,-8.7971,25.5857,21.3188,0.2446,-33.9873,LOW
-7.1707,5.2125,-3.8813,0.0,0.3657,40.5086,-17.9229,-2.3141,-0.1926,15.3184,MEDIUM_HIGH
-7.1707,5.2125,-3.8813,1.1243,0.5379,28.6136,16.4514,-1.1898,-0.0204,3.4234,LOW
-7.1707,5.2125,-3.8813,23.6329,0.8029,-8.7971,25.5857,21.3188,0.2446,-33.9873,LOW
7.7246,6.1906,-1.9408,0.0,0.3657,40.5086,-17.9229,-2.3141,-0.1926,15.3184,HIGH
7.7246,6.1906,-1.9408,1.1243,0.5379,28.6136,16.4514,-1.1898,-0.0204,3.4234,MEDIUM
7.7246,6.1906,-1.9408,23.6329,0.8029,-8.7971,25.5857,21.3188,0.2446,-33.9873,MEDIUM
0.8574,6.2572,-1.5631,0.0,0.3657,40.5086,-17.9229,-2.3141,-0.1926,15.3184,MEDIUM_HIGH
0.8574,6.2572,-1.5631,1.1243,0.5379,28.6136,16.4514,-1.1898,-0.0204,3.4234,LOW
0.8574,6.2572,-1.5631,23.6329,0.8029,-8.7971,25.5857,21.3188,0.2446,-33.9873,LOW
-3.323,5.5241,-2.7577,0.0,0.3657,40.5086,-17.9229,-2.3141,-0.1926,15.3184,MEDIUM_HIGH
-3.323,5.5241,-2.7577,1.1243,0.5379,28.6136,16.4514,-1.1898,-0.0204,3.4234,LOW
-3.323,5.5241,-2.7577,23.6329,0.8029,-8.7971,25.5857,21.3188,0.2446,-33.9873,LOW
0.4796,4.0775,-1.1047,0.0,0.3657,40.5086,-17.9229,-2.3141,-0.1926,15.3184,MEDIUM_HIGH
0.4796,4.0775,-1.1047,1.1243,0.5379,28.6136,16.4514,-1.1898,-0.0204,3.4234,LOW
0.4796,4.0775,-1.1047,23.6329,0.8029,-8.7971,25.5857,21.3188,0.2446,-33.9873,LOW
-0.7955,4.0753,-1.0143,0.0,0.3657,40.5086,-17.9229,-2.3141,-0.1926,15.3184,MEDIUM_HIGH
-0.7955,4.0753,-1.0143,1.1243,0.5379,28.6136,16.4514,-1.1898,-0.0204,3.4234,LOW
-0.7955,4.0753,-1.0143,23.6329,0.8029,-8.7971,25.5857,21.3188,0.2446,-33.9873,LOW
4.6512,4.3761,-0.0474,0.0,0.3657,40.5086,-17.9229,-2.3141,-0.1926,15.3184,HIGH
4.6512,4.3761,-0.0474,1.1243,0.5379,28.6136,16.4514,-1.1898,-0.0204,3.4234,LOW_MEDIUM
4.6512,4.3761,-0.0474,23.6329,0.8029,-8.7971,25.5857,21.3188,0.2446,-33.9873,LOW_MEDIUM
-5.5172,4.6718,-0.3867,0.0,0.3657,40.5086,-17.9229,-2.3141,-0.1926,15.3184,MEDIUM_HIGH
-5.5172,4.6718,-0.3867,1.1243,0.5379,28.6136,16.4514,-1.1898,-0.0204,3.4234,LOW
-5.5172,4.6718,-0.3867,23.6329,0.8029,-8.7971,25.5857,21.3188,0.2446,-33.9873,LOW
-3.7307,4.1576,0.0433,0.0,0.3657,40.5086,-17.9229,-2.3141,-0.1926,15.3184,MEDIUM_HIGH
-3.7307,4.1576,0.0433,1.1243,0.5379,28.6136,16.4514,-1.1898,-0.0204,3.4234,LOW
-3.7307,4.1576,0.0433,23.6329,0.8029,-8.7971,25.5857,21.3188,0.2446,-33.9873,LOW
9.2671,4.5286,0.2361,0.0,0.3657,40.5086,-17.9229,-2.3141,-0.1926,15.3184,HIGH
9.2671,4.5286,0.2361,1.1243,0.5379,28.6136,16.4514,-1.1898,-0.0204,3.4234,MEDIUM
9.2671,4.5286,0.2361,23.6329,0.8029,-8.7971,25.5857,21.3188,0.2446,-33.9873,MEDIUM
2.1588,4.5712,0.3988,0.0,0.3657,40.5086,-17.9229,-2.3141,-0.1926,15.3184,HIGH
2.1588,4.5712,0.3988,1.1243,0.5379,28.6136,16.4514,-1.1898,-0.0204,3.4234,LOW_MEDIUM
2.1588,4.5712,0.3988,23.6329,0.8029,-8.7971,25.5857,21.3188,0.2446,-33.9873,LOW_MEDIUM
5.283,4.5813,1.4745,0.0,0.3657,40.5086,-17.9229,-2.3141,-0.1926,15.3184,HIGH
5.283,4.5813,1.4745,1.1243,0.5379,28.6136,16.4514,-1.1898,-0.0204,3.4234,MEDIUM
5.283,4.5813,1.4745,23.6329,0.8029,-8.7971,25.5857,21.3188,0.2446,-33.9873,MEDIUM
4.3728,4.656,1.9612,0.0,0.3657,40.5086,-17.9229,-2.3141,-0.1926,15.3184,HIGH
4.3728,4.656,1.9612,1.1243,0.5379,28.6136,16.4514,-1.1898,-0.0204,3.4234,LOW_MEDIUM
4.3728,4.656,1.9612,23.6329,0.8029,-8.7971,25.5857,21.3188,0.2446,-33.9873,LOW_MEDIUM
0.6181,4.5741,2.1379,0.0,0.3657,40.5086,-17.9229,-2.3141,-0.1926,15.3184,MEDIUM_HIGH
0.6181,4.5741,2.1379,1.1243,0.5379,28.6136,16.4514,-1.1898,-0.0204,3.4234,LOW
0.6181,4.5741,2.1379,23.6329,0.8029,-8.7971,25.5857,21.3188,0.2446,-33.9873,LOW
0.5461,4.4929,1.6247,0.0,0.3657,40.5086,-17.9229,-2.3141,-0.1926,15.3184,MEDIUM_HIGH
0.5461,4.4929,1.6247,1.1243,0.5379,28.6136,16.4514,-1.1898,-0.0204,3.4234,LOW
0.5461,4.4929,1.6247,23.6329,0.8029,-8.7971,25.5857,21.3188,0.2446,-33.9873,LOW
11.1337,4.5586,3.7061,0.0,0.3657,40.5086,-17.9229,-2.3141,-0.1926,15.3184,HIGH
11.1337,4.5586,3.7061,1.1243,0.5379,28.6136,16.4514,-1.1898,-0.0204,3.4234,MEDIUM
11.1337,4.5586,3.7061,23.6329,0.8029,-8.7971,25.5857,21.3188,0.2446,-33.9873,MEDIUM
-22.2358,9.625,1.393,0.0,0.3657,40.5086,-17.9229,-2.3141,-0.1926,15.3184,MEDIUM_HIGH
-22.2358,9.625,1.393,1.1243,0.5379,28.6136,16.4514,-1.1898,-0.0204,3.4234,LOW
-22.2358,9.625,1.393,23.6329,0.8029,-8.7971,25.5857,21.3188,0.2446,-33.9873,LOW
-4.2419,9.274,-0.2957,0.0,0.3657,40.5086,-17.9229,-2.3141,-0.1926,15.3184,MEDIUM_HIGH
-4.2419,9.274,-0.2957,1.1243,0.5379,28.6136,16.4514,-1.1898,-0.0204,3.4234,LOW
-4.2419,9.274,-0.2957,23.6329,0.8029,-8.7971,25.5857,21.3188,0.2446,-33.9873,LOW
5.0861,9.4202,0.0703,0.0,0.3657,40.5086,-17.9229,-2.3141,-0.1926,15.3184,HIGH
5.0861,9.4202,0.0703,1.1243,0.5379,28.6136,16.4514,-1.1898,-0.0204,3.4234,MEDIUM
5.0861,9.4202,0.0703,23.6329,0.8029,-8.7971,25.5857,21.3188,0.2446,-33.9873,MEDIUM
-5.8548,9.3698,-1.322,0.0,0.3657,40.5086,-17.9229,-2.3141,-0.1926,15.3184,MEDIUM_HIGH
-5.8548,9.3698,-1.322,1.1243,0.5379,28.6136,16.4514,-1.1898,-0.0204,3.4234,LOW
-5.8548,9.3698,-1.322,23.6329,0.8029,-8.7971,25.5857,21.3188,0.2446,-33.9873,LOW
-13.7645,9.8971,-3.5891,0.0,0.3657,40.5086,-17.9229,-2.3141,-0.1926,15.3184,MEDIUM_HIGH
-13.7645,9.8971,-3.5891,1.1243,0.5379,28.6136,16.4514,-1.1898,-0.0204,3.4234,LOW
-13.7645,9.8971,-3.5891,23.6329,0.8029,-8.7971,25.5857,21.3188,0.2446,-33.9873,LOW
-0.6731,9.8375,-3.7505,0.0,0.3657,40.5086,-17.9229,-2.3141,-0.1926,15.3184,MEDIUM_HIGH
-0.6731,9.8375,-3.7505,1.1243,0.5379,28.6136,16.4514,-1.1898,-0.0204,3.4234,LOW
-0.6731,9.8375,-3.7505,23.6329,0.8029,-8.7971,25.5857,21.3188,0.2446,-33.9873,LOW
35.2372,16.2994,0.5859,0.0,0.3657,40.5086,-17.9229,-2.3141,-0.1926,15.3184,HIGH
35.2372,16.2994,0.5859,1.1243,0.5379,28.6136,16.4514,-1.1898,-0.0204,3.4234,MEDIUM
35.2372,16.2994,0.5859,23.6329,0.8029,-8.7971,25.5857,21.3188,0.2446,-33.9873,MEDIUM
20.9735,17.3841,1.8158,0.0,0.3657,40.5086,-17.9229,-2.3141,-0.1926,15.3184,HIGH
20.9735,17.3841,1.8158,1.1243,0.5379,28.6136,16.4514,-1.1898,-0.0204,3.4234,MEDIUM
20.9735,17.3841,1.8158,23.6329,0.8029,-8.7971,25.5857,21.3188,0.2446,-33.9873,MEDIUM
-21.4793,17.2546,1.9104,0.0,0.3657,40.5086,-17.9229,-2.3141,-0.1926,15.3184,MEDIUM_HIGH
-21.4793,17.2546,1.9104,1.1243,0.5379,28.6136,16.4514,-1.1898,-0.0204,3.4234,LOW
-21.4793,17.2546,1.9104,23.6329,0.8029,-8.7971,25.5857,21.3188,0.2446,-33.9873,LOW
-6.2547,17.3568,1.6588,0.0,0.3657,40.5086,-17.9229,-2.3141,-0.1926,15.3184,MEDIUM_HIGH
-6.2547,17.3568,1.6588,1.1243,0.5379,28.6136,16.4514,-1.1898,-0.0204,3.4234,LOW
-6.2547,17.3568,1.6588,23.6329,0.8029,-8.7971,25.5857,21.3188,0.2446,-33.9873,LOW
-3.4566,17.3759,0.591,0.0,0.3657,40.5086,-17.9229,-2.3141,-0.1926,15.3184,MEDIUM_HIGH
-3.4566,17.3759,0.591,1.1243,0.5379,28.6136,16.4514,-1.1898,-0.0204,3.4234,LOW
-3.4566,17.3759,0.591,23.6329,0.8029,-8.7971,25.5857,21.3188,0.2446,-33.9873,LOW
-4.0799,17.3034,0.8128,0.0,0.3657,40.5086,-17.9229,-2.3141,-0.1926,15.3184,MEDIUM_HIGH
-4.0799,17.3034,0.8128,1.1243,0.5379,28.6136,16.4514,-1.1898,-0.0204,3.4234,LOW
-4.0799,17.3034,0.8128,23.6329,0.8029,-8.7971,25.5857,21.3188,0.2446,-33.9873,LOW
10.6771,16.6034,3.868,0.0,0.3657,40.5086,-17.9229,-2.3141,-0.1926,15.3184,HIGH
10.6771,16.6034,3.868,1.1243,0.5379,28.6136,16.4514,-1.1898,-0.0204,3.4234,MEDIUM
10.6771,16.6034,3.868,23.6329,0.8029,-8.7971,25.5857,21.3188,0.2446,-33.9873,MEDIUM
-0.8627,16.61,3.8443,0.0,0.3657,40.5086,-17.9229,-2.3141,-0.1926,15.3184,HIGH
-0.8627,16.61,3.8443,1.1243,0.5379,28.6136,16.4514,-1.1898,-0.0204,3.4234,LOW_MEDIUM
-0.8627,16.61,3.8443,23.6329,0.8029,-8.7971,25.5857,21.3188,0.2446,-33.9873,LOW_MEDIUM
-1.9778,11.6319,-0.8075,0.0,0.3657,40.5086,-17.9229,-2.3141,-0.1926,15.3184,MEDIUM_HIGH
-1.9778,11.6319,-0.8075,1.1243,0.5379,28.6136,16.4514,-1.1898,-0.0204,3.4234,LOW
-1.9778,11.6319,-0.8075,23.6329,0.8029,-8.7971,25.5857,21.3188,0.2446,-33.9873,LOW
-0.8878,8.2784,-3.5402,0.0,0.3657,40.5086,-17.9229,-2.3141,-0.1926,15.3184,MEDIUM_HIGH
-0.8878,8.2784,-3.5402,1.1243,0.5379,28.6136,16.4514,-1.1898,-0.0204,3.4234,LOW
-0.8878,8.2784,-3.5402,23.6329,0.8029,-8.7971,25.5857,21.3188,0.2446,-33.9873,LOW
-7.5733,5.2266,-1.802,0.0,0.3657,40.5086,-17.9229,-2.3141,-0.1926,15.3184,MEDIUM_HIGH
-7.5733,5.2266,-1.802,1.1243,0.5379,28.6136,16.4514,-1.1898,-0.0204,3.4234,LOW
-7.5733,5.2266,-1.802,23.6329,0.8029,-8.7971,25.5857,21.3188,0.2446,-33.9873,LOW
-5.1101,5.1173,-1.6589,0.0,0.3657,40.5086,-17.9229,-2.3141,-0.1926,15.3184,MEDIUM_HIGH
-5.1101,5.1173,-1.6589,1.1243,0.5379,28.6136,16.4514,-1.1898,-0.0204,3.4234,LOW
-5.1101,5.1173,-1.6589,23.6329,0.8029,-8.7971,25.5857,21.3188,0.2446,-33.9873,LOW
0.65,5.1172,-1.1456,0.0,0.3657,40.5086,-17.9229,-2.3141,-0.1926,15.3184,MEDIUM_HIGH
0.65,5.1172,-1.1456,1.1243,0.5379,28.6136,16.4514,-1.1898,-0.0204,3.4234,LOW
0.65,5.1172,-1.1456,23.6329,0.8029,-8.7971,25.5857,21.3188,0.2446,-33.9873,LOW
-4.8893,5.1818,-1.2467,0.0,0.3657,40.5086,-17.9229,-2.3141,-0.1926,15.3184,MEDIUM_HIGH
-4.8893,5.1818,-1.2467,1.1243,0.5379,28.6136,16.4514,-1.1898,-0.0204,3.4234,LOW
-4.8893,5.1818,-1.2467,23.6329,0.8029,-8.7971,25.5857,21.3188,0.2446,-33.9873,LOW
3.8797,3.412,-2.0964,0.0,0.3657,40.5086,-17.9229,-2.3141,-0.1926,15.3184,MEDIUM_HIGH
3.8797,3.412,-2.0964,1.1243,0.5379,28.6136,16.4514,-1.1898,-0.0204,3.4234,LOW
3.8797,3.412,-2.0964,23.6329,0.8029,-8.7971,25.5857,21.3188,0.2446,-33.9873,LOW
-1.3072,3.395,-2.152,0.0,0.3657,40.5086,-17.9229,-2.3141,-0.1926,15.3184,MEDIUM_HIGH
-1.3072,3.395,-2.152,1.1243,0.5379,28.6136,16.4514,-1.1898,-0.0204,3.4234,LOW
-1.3072,3.395,-2.152,23.6329,0.8029,-8.7971,25.5857,21.3188,0.2446,-33.9873,LOW
7.1902,4.5955,-1.006,0.0,0.3657,40.5086,-17.9229,-2.3141,-0.1926,15.3184,HIGH
7.1902,4.5955,-1.006,1.1243,0.5379,28.6136,16.4514,-1.1898,-0.0204,3.4234,MEDIUM
7.1902,4.5955,-1.006,23.6329,0.8029,-8.7971,25.5857,21.3188,0.2446,-33.9873,MEDIUM
1.8535,4.6927,-0.6633,0.0,0.3657,40.5086,-17.9229,-2.3141,-0.1926,15.3184,MEDIUM_HIGH
1.8535,4.6927,-0.6633,1.1243,0.5379,28.6136,16.4514,-1.1898,-0.0204,3.4234,LOW
1.8535,4.6927,-0.6633,23.6329,0.8029,-8.7971,25.5857,21.3188,0.2446,-33.9873,LOW
